,age,overall,wage_eur,height_cm,weight_kg,pace,shooting,passing,dribbling,defending,physic,attacking_crossing,attacking_heading_accuracy,attacking_short_passing,skill_dribbling,skill_curve,power_shot_power,power_jumping,mentality_aggression,mentality_interceptions,mentality_vision,mentality_penalties,league_level,nationality_name,club_contract_valid_until,work_rate
13744,21,62,2000.0,175,70,74.0,35.0,49.0,63.0,58.0,58.0,65,53,45,64,53,37,64,54,59,45,43,2.0,England,2023.0,Medium/Medium
12454,26,63,9000.0,181,70,61.0,48.0,61.0,64.0,64.0,54.0,70,54,61,63,67,48,60,55,62,57,52,1.0,England,2022.0,Medium/Medium
3968,32,71,10000.0,184,77,70.0,70.0,75.0,71.0,42.0,70.0,82,49,71,71,83,80,64,51,46,76,79,2.0,Germany,2023.0,Medium/Medium
13867,20,62,1000.0,179,71,73.0,53.0,60.0,69.0,31.0,58.0,62,43,65,69,58,56,62,47,27,59,49,3.0,Germany,2024.0,Medium/Medium
4092,26,71,6000.0,187,80,80.0,65.0,61.0,66.0,67.0,78.0,70,66,65,67,55,80,81,62,70,48,45,2.0,Spain,2022.0,High/Medium
3521,33,72,13000.0,170,70,75.0,65.0,73.0,75.0,59.0,71.0,70,47,74,75,81,78,81,56,58,71,70,1.0,Argentina,2022.0,Medium/Medium
16407,19,59,500.0,185,75,61.0,28.0,40.0,43.0,58.0,67.0,35,62,49,35,30,45,79,61,55,31,40,2.0,France,2023.0,Medium/Medium
2576,28,73,14000.0,179,76,82.0,70.0,73.0,75.0,32.0,56.0,74,43,73,75,76,76,72,39,37,73,60,2.0,Germany,2023.0,High/Low
1444,23,76,39000.0,181,73,59.0,57.0,75.0,78.0,71.0,72.0,64,49,84,75,64,63,56,80,72,77,53,1.0,Spain,2024.0,Medium/Medium
10695,20,65,2000.0,170,60,82.0,56.0,60.0,67.0,45.0,43.0,59,50,63,65,55,56,43,45,31,62,52,1.0,Netherlands,2025.0,Medium/Medium
1021,25,77,22000.0,180,75,66.0,36.0,65.0,67.0,77.0,69.0,76,75,77,64,60,51,60,70,74,37,40,1.0,Spain,2023.0,Medium/Medium
18528,18,53,500.0,183,67,56.0,33.0,48.0,54.0,48.0,53.0,39,50,59,49,35,42,58,57,42,42,40,3.0,Germany,2023.0,Medium/Medium
7931,25,67,4000.0,189,79,54.0,71.0,71.0,64.0,58.0,72.0,75,56,69,62,74,85,56,61,61,66,74,1.0,Netherlands,2023.0,Medium/Medium
320,28,81,46000.0,188,81,57.0,45.0,67.0,65.0,82.0,81.0,59,83,74,63,54,63,85,85,82,65,52,1.0,England,2022.0,Low/High
2648,28,73,12000.0,167,66,88.0,73.0,70.0,75.0,32.0,65.0,72,54,70,72,71,72,89,71,30,70,74,1.0,Brazil,2022.0,High/Medium
15022,21,61,1000.0,185,80,65.0,32.0,37.0,44.0,60.0,68.0,24,57,53,33,28,34,71,63,55,25,33,1.0,France,2024.0,Medium/Medium
15021,17,61,700.0,180,67,66.0,47.0,60.0,66.0,50.0,50.0,43,55,69,65,55,56,66,64,46,62,54,1.0,France,2024.0,High/Medium
10138,26,65,3000.0,182,81,70.0,32.0,50.0,53.0,63.0,73.0,65,57,55,48,35,45,83,61,62,34,37,1.0,Argentina,2022.0,Medium/Medium
6637,29,68,4000.0,178,73,70.0,61.0,66.0,67.0,62.0,64.0,72,49,65,66,72,80,60,69,65,58,46,1.0,Portugal,2021.0,High/Medium
5332,20,70,5000.0,180,73,72.0,70.0,65.0,71.0,50.0,60.0,57,58,69,73,65,70,53,44,52,65,59,1.0,Spain,2025.0,Medium/Medium
6059,23,69,10000.0,184,68,86.0,63.0,60.0,70.0,26.0,50.0,64,49,66,71,56,63,53,34,25,64,64,2.0,Germany,2024.0,High/Medium
6630,26,68,10000.0,175,71,71.0,62.0,67.0,74.0,39.0,51.0,62,42,67,76,71,62,61,39,38,71,69,1.0,Brazil,2022.0,Medium/Low
6769,28,68,6000.0,179,75,77.0,64.0,62.0,69.0,49.0,76.0,61,62,66,70,51,71,79,68,60,62,37,1.0,Argentina,2021.0,High/Medium
9399,21,66,10000.0,174,68,72.0,33.0,53.0,62.0,62.0,59.0,63,46,64,60,31,38,62,55,64,41,33,2.0,England,2022.0,Medium/Medium
4477,21,71,18000.0,197,82,62.0,35.0,49.0,52.0,71.0,75.0,24,69,64,49,28,59,68,69,68,52,35,1.0,France,2024.0,Medium/Medium
4637,34,70,5000.0,182,76,48.0,59.0,66.0,63.0,66.0,77.0,61,58,68,58,58,80,67,73,75,70,66,2.0,Spain,2022.0,Medium/Medium
8307,20,67,8000.0,175,65,65.0,48.0,67.0,72.0,57.0,56.0,58,57,73,72,58,60,57,57,59,71,51,2.0,France,2022.0,Medium/Medium
3113,32,72,24000.0,178,70,81.0,73.0,65.0,75.0,41.0,63.0,63,60,72,73,73,75,32,47,40,64,80,2.0,England,2022.0,High/Medium
17725,19,56,500.0,183,75,62.0,20.0,35.0,42.0,56.0,62.0,30,50,43,35,26,23,75,57,52,29,29,3.0,France,2025.0,Medium/Medium
3223,31,72,15000.0,188,84,50.0,75.0,57.0,66.0,36.0,69.0,56,78,62,63,59,80,74,66,44,62,81,2.0,England,2023.0,Medium/Low
4185,29,71,14000.0,184,87,71.0,70.0,55.0,68.0,28.0,72.0,44,70,62,64,55,72,87,40,25,58,72,1.0,Italy,2025.0,Medium/Medium
9305,23,66,3000.0,178,73,66.0,57.0,62.0,66.0,64.0,68.0,53,57,68,64,48,61,76,67,62,65,50,3.0,England,2023.0,Medium/Medium
13799,22,62,2000.0,175,68,85.0,50.0,50.0,67.0,35.0,58.0,50,41,53,69,42,58,61,42,41,56,56,1.0,Portugal,2023.0,Medium/Low
13911,21,62,2000.0,178,65,74.0,59.0,58.0,63.0,43.0,57.0,57,47,58,62,58,58,55,42,41,60,59,3.0,England,2023.0,High/Low
401,33,80,29000.0,176,65,71.0,84.0,78.0,74.0,73.0,80.0,73,59,82,70,73,93,74,85,68,81,63,1.0,Belgium,2023.0,High/Medium
2264,25,74,11000.0,172,64,74.0,46.0,68.0,74.0,69.0,58.0,72,47,73,74,67,52,74,58,77,60,50,1.0,Brazil,2024.0,Medium/Medium
10116,30,65,4000.0,186,72,51.0,33.0,41.0,36.0,66.0,74.0,27,67,50,24,55,60,70,64,63,29,37,1.0,Argentina,2022.0,Low/Medium
13531,26,62,4000.0,188,74,73.0,62.0,51.0,62.0,34.0,67.0,54,58,54,61,44,64,72,55,39,56,57,4.0,England,2023.0,High/Medium
7325,21,68,3000.0,188,79,54.0,50.0,59.0,62.0,64.0,72.0,43,55,71,63,45,61,61,72,65,57,47,1.0,Argentina,2022.0,Medium/Medium
14279,19,62,1000.0,185,74,62.0,33.0,49.0,57.0,63.0,65.0,56,54,52,64,39,32,62,58,63,45,49,1.0,Argentina,2023.0,Medium/Medium
175,25,83,71000.0,171,66,82.0,76.0,82.0,86.0,59.0,63.0,83,54,83,88,85,79,69,63,66,83,68,1.0,France,2023.0,High/Medium
2398,20,74,13000.0,177,71,86.0,70.0,69.0,76.0,50.0,73.0,73,70,72,77,59,77,85,75,50,67,66,1.0,Argentina,2023.0,High/Medium
6699,28,68,12000.0,187,80,60.0,57.0,69.0,67.0,65.0,66.0,73,51,72,70,59,65,58,66,65,69,46,1.0,Italy,2022.0,Medium/Medium
4135,33,71,10000.0,184,86,70.0,70.0,62.0,66.0,38.0,70.0,48,77,70,62,58,71,83,58,25,67,63,1.0,Argentina,2021.0,Medium/Medium
3267,27,72,35000.0,181,74,64.0,67.0,67.0,69.0,70.0,72.0,52,63,73,67,71,72,58,78,73,70,46,1.0,England,2024.0,High/Medium
5714,29,69,8000.0,173,70,84.0,60.0,61.0,71.0,30.0,45.0,73,30,60,72,58,72,61,37,21,62,48,1.0,France,2021.0,High/Low
10955,19,65,3000.0,180,70,73.0,58.0,60.0,66.0,41.0,51.0,59,37,66,65,55,58,61,31,31,55,47,1.0,Belgium,2023.0,High/Medium
8892,29,66,2000.0,183,70,63.0,51.0,63.0,61.0,64.0,72.0,64,63,67,60,55,59,70,68,61,59,65,2.0,France,2023.0,Medium/Medium
4281,26,71,9000.0,186,76,71.0,67.0,70.0,72.0,67.0,74.0,64,57,73,73,75,73,71,80,71,72,67,1.0,Brazil,2022.0,Medium/High
10472,25,65,3000.0,178,72,91.0,47.0,59.0,64.0,55.0,67.0,61,47,59,62,54,55,80,62,54,57,37,3.0,England,2023.0,High/Medium
9722,19,66,2000.0,169,62,82.0,52.0,55.0,65.0,60.0,58.0,60,51,62,64,60,57,67,72,58,41,55,1.0,Brazil,2025.0,High/Medium
739,32,78,30000.0,178,72,67.0,78.0,79.0,76.0,65.0,72.0,80,52,77,76,79,82,63,72,69,80,77,1.0,Spain,2023.0,Medium/Medium
15276,22,60,600.0,185,70,63.0,55.0,61.0,62.0,44.0,57.0,50,43,64,62,67,63,58,43,48,63,40,1.0,England,2021.0,Medium/Medium
7198,27,68,11000.0,182,73,72.0,63.0,70.0,69.0,46.0,59.0,64,53,79,68,63,66,56,47,33,63,57,2.0,France,2022.0,High/Medium
9532,20,66,3000.0,190,87,48.0,29.0,43.0,46.0,66.0,75.0,31,68,58,37,29,41,49,70,63,30,34,1.0,Belgium,2023.0,Medium/Medium
5483,36,69,3000.0,185,84,35.0,70.0,69.0,62.0,69.0,69.0,72,59,67,64,78,79,60,65,71,68,71,2.0,Spain,2022.0,Medium/Medium
12275,29,63,1000.0,188,82,57.0,62.0,65.0,63.0,59.0,67.0,65,62,66,64,64,68,75,64,62,63,61,1.0,England,2022.0,Medium/Low
7991,28,67,4000.0,174,68,38.0,41.0,64.0,64.0,65.0,64.0,57,54,68,60,58,59,64,63,67,66,55,1.0,Germany,2022.0,Medium/Medium
895,32,77,29000.0,196,83,45.0,79.0,57.0,65.0,50.0,76.0,38,91,73,66,61,80,44,75,39,69,90,1.0,Netherlands,2022.0,Medium/Medium
13101,20,63,2000.0,176,70,77.0,61.0,56.0,67.0,35.0,55.0,57,43,58,69,69,68,53,33,32,55,49,1.0,Argentina,2023.0,High/Medium
5266,27,70,12000.0,184,77,64.0,64.0,67.0,68.0,66.0,69.0,56,63,73,66,62,77,70,76,68,70,50,1.0,Brazil,2023.0,Medium/Medium
6764,34,68,6000.0,184,86,32.0,31.0,41.0,47.0,69.0,73.0,34,67,57,37,27,42,78,80,63,32,67,1.0,Argentina,2023.0,Medium/High
5283,22,70,13000.0,188,80,73.0,33.0,51.0,51.0,72.0,71.0,35,67,61,39,31,47,59,64,69,52,44,1.0,Germany,2024.0,Medium/Medium
17552,19,56,900.0,188,78,68.0,24.0,40.0,46.0,54.0,65.0,22,56,52,42,21,32,62,54,52,36,30,3.0,England,2023.0,Medium/Medium
11738,22,64,1000.0,178,72,78.0,48.0,57.0,64.0,59.0,63.0,63,54,61,65,52,50,58,50,56,53,55,2.0,France,2023.0,Medium/Medium
3727,21,72,7000.0,188,82,60.0,37.0,52.0,55.0,73.0,77.0,38,69,63,50,36,55,70,77,71,53,49,1.0,Argentina,2022.0,Medium/Medium
13790,22,62,1000.0,183,70,71.0,57.0,63.0,65.0,52.0,65.0,62,44,64,64,56,64,56,61,53,65,54,3.0,England,2024.0,Medium/Medium
1486,36,75,13000.0,176,71,70.0,79.0,73.0,80.0,35.0,64.0,64,54,76,80,79,83,60,70,32,74,80,1.0,Argentina,2021.0,High/Medium
15181,31,60,500.0,185,84,64.0,59.0,50.0,59.0,27.0,70.0,46,60,55,57,44,59,75,57,20,54,60,5.0,England,2023.0,Medium/Medium
1078,23,77,45000.0,178,67,77.0,69.0,73.0,81.0,47.0,68.0,70,49,77,83,71,68,67,58,49,76,69,1.0,England,2025.0,Medium/Medium
5962,21,69,6000.0,180,73,61.0,46.0,55.0,62.0,72.0,67.0,36,70,71,60,32,56,81,64,74,50,48,1.0,Brazil,2024.0,Low/Medium
13245,17,63,3000.0,179,73,72.0,62.0,46.0,60.0,20.0,56.0,43,63,50,57,45,62,76,57,13,48,66,1.0,England,2023.0,High/Medium
377,23,81,65000.0,175,70,75.0,75.0,81.0,85.0,66.0,71.0,70,59,86,86,80,72,66,69,69,84,74,1.0,France,2023.0,High/Low
17424,19,57,600.0,193,78,61.0,27.0,41.0,44.0,56.0,66.0,33,58,53,39,35,45,65,54,56,34,32,2.0,France,2022.0,Medium/Medium
7774,30,67,1000.0,180,73,80.0,49.0,57.0,61.0,58.0,70.0,67,44,63,57,49,62,56,64,59,51,52,3.0,Germany,2023.0,High/High
13260,33,63,500.0,184,80,64.0,27.0,53.0,53.0,63.0,68.0,56,65,63,51,51,39,70,56,62,36,33,1.0,Argentina,2021.0,Medium/Medium
18892,20,51,1000.0,179,67,59.0,26.0,34.0,50.0,47.0,51.0,47,39,29,56,30,28,56,53,49,39,36,2.0,England,2022.0,Medium/Medium
7376,20,68,7000.0,178,72,77.0,73.0,61.0,72.0,38.0,65.0,67,43,64,73,63,73,73,48,25,52,72,1.0,France,2022.0,Medium/Medium
4790,30,70,4000.0,175,68,82.0,63.0,68.0,70.0,27.0,66.0,73,47,70,69,60,67,79,53,45,61,67,2.0,France,2023.0,High/Medium
6946,25,68,4000.0,180,74,68.0,62.0,61.0,69.0,63.0,69.0,67,58,61,69,65,70,67,68,64,64,48,1.0,Portugal,2023.0,High/Medium
1504,34,75,10000.0,176,70,71.0,69.0,74.0,75.0,72.0,69.0,80,73,74,75,82,87,61,74,74,66,61,1.0,Portugal,2023.0,High/Medium
13638,22,62,4000.0,180,70,72.0,33.0,49.0,60.0,58.0,64.0,57,50,52,59,47,51,65,56,56,43,32,2.0,England,2021.0,High/Medium
5387,22,70,7000.0,179,73,80.0,59.0,67.0,72.0,65.0,66.0,55,52,74,72,53,72,59,56,62,69,58,1.0,Portugal,2022.0,High/Medium
2231,26,74,19000.0,179,69,80.0,65.0,72.0,72.0,38.0,67.0,73,45,73,74,71,68,68,48,30,75,59,1.0,Argentina,2023.0,High/Medium
17778,21,56,850.0,177,70,66.0,46.0,52.0,60.0,29.0,47.0,53,34,56,63,42,56,45,38,23,53,52,2.0,France,2025.0,Medium/Medium
10842,18,65,1000.0,169,59,72.0,55.0,63.0,68.0,53.0,57.0,49,45,71,65,55,63,61,64,43,67,57,1.0,Argentina,2023.0,Medium/Medium
8188,25,67,4000.0,190,83,67.0,66.0,59.0,63.0,29.0,66.0,58,67,63,63,41,67,71,25,29,57,61,1.0,Spain,2024.0,High/Medium
357,25,81,82000.0,178,72,67.0,65.0,76.0,75.0,78.0,82.0,70,65,80,73,62,75,82,86,77,74,58,1.0,England,2024.0,Medium/High
2858,31,73,16000.0,175,68,85.0,69.0,66.0,74.0,52.0,55.0,68,50,71,77,66,70,75,53,56,59,64,1.0,Spain,2022.0,High/Medium
877,34,77,27000.0,172,70,83.0,77.0,74.0,75.0,41.0,67.0,69,67,79,73,74,82,83,66,38,75,81,1.0,France,2023.0,Medium/Medium
6643,26,68,14000.0,188,81,72.0,64.0,66.0,67.0,58.0,75.0,63,58,69,67,54,74,59,59,52,69,48,2.0,England,2022.0,High/High
2944,23,73,23000.0,173,67,58.0,47.0,71.0,78.0,55.0,58.0,57,29,80,75,60,57,54,76,63,75,40,1.0,Germany,2022.0,Medium/Medium
8033,25,67,8000.0,186,84,52.0,29.0,34.0,45.0,67.0,74.0,27,67,40,29,25,37,78,71,67,33,38,1.0,Brazil,2024.0,Medium/Medium
3487,26,72,20000.0,179,68,74.0,60.0,69.0,75.0,56.0,71.0,61,65,77,73,53,65,82,52,59,70,54,2.0,Germany,2024.0,Medium/High
67,25,86,175000.0,191,82,61.0,70.0,77.0,78.0,82.0,82.0,63,78,85,78,65,83,72,76,83,81,46,1.0,Spain,2024.0,Medium/High
6566,27,68,4000.0,178,64,70.0,62.0,66.0,69.0,63.0,70.0,58,49,69,66,69,64,78,62,64,68,68,3.0,England,2022.0,High/Medium
1139,36,76,32000.0,179,72,63.0,69.0,82.0,77.0,64.0,63.0,80,50,83,77,86,80,41,66,65,80,76,1.0,Argentina,2022.0,Medium/Medium
1772,26,75,44000.0,188,81,84.0,70.0,70.0,75.0,67.0,76.0,72,69,74,77,69,75,61,75,69,68,52,1.0,Germany,2024.0,High/Medium
13454,32,62,700.0,174,70,88.0,59.0,58.0,64.0,40.0,57.0,59,52,58,60,62,65,74,58,50,61,50,3.0,Germany,2022.0,Medium/Medium
6331,23,69,6000.0,187,80,60.0,32.0,45.0,52.0,68.0,80.0,30,63,58,45,33,49,80,84,71,37,47,1.0,Argentina,2022.0,Low/High
16460,24,59,3000.0,186,81,60.0,44.0,54.0,48.0,57.0,67.0,52,59,60,42,42,50,72,59,56,49,51,2.0,Germany,2022.0,Medium/Medium
14424,29,61,3000.0,188,78,60.0,60.0,54.0,60.0,31.0,67.0,52,62,57,59,53,60,73,66,43,58,58,4.0,England,2022.0,Medium/Medium
17532,19,56,4000.0,186,78,57.0,31.0,35.0,37.0,58.0,62.0,30,54,39,32,35,47,68,49,60,32,46,1.0,France,2022.0,Medium/Medium
12227,19,64,6000.0,175,69,69.0,59.0,63.0,67.0,52.0,55.0,53,47,69,66,48,61,66,54,57,65,64,1.0,Spain,2022.0,Medium/Medium
4005,31,71,20000.0,197,83,43.0,47.0,40.0,41.0,71.0,81.0,21,80,51,33,24,63,74,79,68,42,36,2.0,England,2022.0,Medium/Medium
15963,30,59,500.0,176,77,63.0,30.0,53.0,57.0,55.0,64.0,57,49,56,55,56,51,62,68,54,48,35,1.0,England,2021.0,Medium/Medium
3290,24,72,51000.0,173,66,78.0,63.0,69.0,79.0,24.0,37.0,72,39,72,80,69,70,31,32,21,67,55,1.0,Belgium,2022.0,Medium/Medium
4352,25,71,19000.0,180,72,70.0,75.0,58.0,69.0,26.0,61.0,47,67,66,67,64,77,67,40,16,52,70,2.0,Spain,2022.0,Medium/Medium
7226,22,68,2000.0,186,76,70.0,64.0,64.0,66.0,60.0,72.0,60,59,70,61,48,72,72,68,66,66,50,3.0,Germany,2022.0,High/Medium
3644,25,72,900.0,179,71,83.0,65.0,68.0,75.0,41.0,56.0,70,44,68,76,69,62,58,69,35,70,59,1.0,Argentina,2023.0,High/High
4875,32,70,650.0,180,73,64.0,68.0,68.0,73.0,63.0,68.0,68,45,74,73,58,64,57,71,72,64,62,1.0,Brazil,2022.0,Medium/High
1084,23,77,28000.0,175,64,87.0,73.0,75.0,80.0,68.0,68.0,70,57,76,80,80,77,71,65,70,78,65,1.0,France,2024.0,Medium/Medium
17640,24,56,1000.0,179,70,71.0,54.0,50.0,58.0,24.0,44.0,53,45,52,59,42,61,43,30,21,54,47,1.0,Brazil,2022.0,Medium/Medium
5874,28,69,5000.0,179,76,70.0,73.0,62.0,69.0,35.0,67.0,48,50,67,69,72,79,54,50,36,65,61,2.0,Germany,2022.0,High/Medium
10238,28,65,4000.0,171,75,74.0,55.0,68.0,67.0,50.0,57.0,62,53,73,66,68,63,58,46,39,68,66,1.0,Brazil,2023.0,Medium/Medium
16804,18,58,650.0,183,67,64.0,43.0,59.0,57.0,57.0,59.0,48,52,68,58,41,57,66,58,59,57,50,1.0,Netherlands,2023.0,Medium/High
3636,31,72,19000.0,185,80,36.0,43.0,57.0,53.0,71.0,88.0,41,60,66,50,41,68,47,87,75,60,38,1.0,Spain,2023.0,Medium/High
11791,21,64,1000.0,173,63,53.0,39.0,58.0,63.0,62.0,62.0,46,58,66,63,44,53,65,63,65,58,46,2.0,France,2023.0,Medium/Medium
12234,18,64,1000.0,180,75,65.0,59.0,62.0,65.0,32.0,50.0,65,46,66,69,53,68,44,34,27,58,70,2.0,Spain,2025.0,Medium/Medium
3063,27,73,9000.0,184,71,75.0,30.0,50.0,58.0,74.0,72.0,40,69,66,51,33,48,83,73,74,28,47,1.0,Brazil,2022.0,Medium/Medium
3202,31,72,15000.0,185,78,64.0,39.0,67.0,66.0,72.0,71.0,70,73,72,62,42,56,77,71,72,65,42,1.0,France,2023.0,Medium/Medium
17398,18,57,2000.0,176,68,75.0,32.0,46.0,54.0,52.0,51.0,51,48,52,55,48,38,60,46,49,39,26,2.0,England,2024.0,High/High
2321,27,74,9000.0,164,63,89.0,69.0,68.0,75.0,42.0,53.0,67,46,71,73,69,75,68,65,36,69,52,1.0,Argentina,2024.0,High/Medium
10717,21,65,6000.0,185,74,60.0,66.0,52.0,64.0,28.0,68.0,47,65,57,62,55,74,68,39,21,56,67,2.0,Netherlands,2024.0,Medium/Medium
11509,24,64,2000.0,189,73,69.0,45.0,59.0,60.0,59.0,70.0,63,57,60,61,67,53,71,57,59,55,46,3.0,England,2023.0,Medium/Medium
12421,24,63,4000.0,170,74,86.0,58.0,55.0,65.0,31.0,63.0,55,55,57,64,65,57,82,48,33,55,54,4.0,England,2023.0,High/Medium
12322,29,63,4000.0,180,73,63.0,54.0,58.0,61.0,60.0,72.0,50,55,64,60,24,58,61,69,59,63,51,4.0,England,2023.0,Medium/Medium
1839,37,75,12000.0,180,71,76.0,76.0,61.0,73.0,30.0,64.0,61,77,62,76,62,76,55,57,34,65,64,1.0,Brazil,2024.0,High/Medium
5937,26,69,3000.0,177,70,64.0,64.0,70.0,71.0,58.0,63.0,67,49,74,70,59,81,57,59,60,66,70,1.0,Portugal,2023.0,Medium/Medium
7146,24,68,9000.0,170,65,72.0,65.0,62.0,72.0,30.0,53.0,67,47,65,73,57,62,49,65,20,61,58,1.0,France,2023.0,High/Medium
1004,24,77,100000.0,179,68,60.0,68.0,77.0,82.0,66.0,67.0,74,41,80,83,77,76,51,75,71,76,55,1.0,Spain,2023.0,Medium/Medium
10923,23,65,2000.0,183,83,74.0,55.0,65.0,62.0,57.0,70.0,71,48,64,63,66,61,63,57,57,61,45,1.0,Netherlands,2023.0,High/Medium
13927,21,62,3000.0,196,76,69.0,27.0,46.0,49.0,61.0,72.0,25,57,58,44,38,38,67,61,60,49,39,2.0,England,2023.0,Medium/Medium
1321,25,76,25000.0,178,69,73.0,63.0,71.0,76.0,75.0,77.0,58,62,81,75,59,66,68,75,77,71,47,1.0,France,2024.0,Medium/Medium
526,33,79,34000.0,190,80,33.0,70.0,75.0,70.0,77.0,79.0,59,82,82,69,66,79,73,75,76,77,69,1.0,Spain,2024.0,Medium/Medium
1609,27,75,41000.0,188,83,51.0,32.0,44.0,53.0,76.0,77.0,34,73,64,50,20,52,72,75,76,22,35,2.0,Brazil,2022.0,Medium/High
627,25,79,26000.0,177,75,67.0,62.0,74.0,75.0,78.0,76.0,75,59,78,75,48,72,71,81,79,73,61,1.0,Brazil,2024.0,High/High
2952,25,73,23000.0,191,90,52.0,41.0,61.0,47.0,73.0,84.0,57,51,71,42,23,55,57,83,74,52,55,1.0,Brazil,2024.0,Medium/Medium
5232,22,70,9000.0,174,66,76.0,70.0,58.0,73.0,22.0,65.0,44,67,66,72,68,67,77,51,15,65,66,1.0,Brazil,2022.0,Medium/Low
7753,26,67,13000.0,178,72,47.0,59.0,68.0,66.0,59.0,59.0,62,60,73,62,69,66,61,70,63,70,64,1.0,Italy,2023.0,Medium/Medium
16077,20,59,1000.0,194,75,53.0,35.0,42.0,40.0,60.0,64.0,33,59,49,36,34,51,66,55,59,35,35,3.0,England,2023.0,Medium/Medium
8486,20,67,3000.0,175,76,83.0,45.0,60.0,71.0,59.0,71.0,68,46,62,72,55,52,67,73,57,56,43,1.0,Argentina,2022.0,Medium/Medium
2497,30,73,25000.0,194,84,45.0,29.0,41.0,48.0,74.0,79.0,30,80,53,43,20,52,80,80,73,31,47,2.0,England,2022.0,Medium/High
3725,22,72,18000.0,182,78,70.0,59.0,74.0,73.0,61.0,69.0,67,59,78,72,69,69,63,69,62,75,61,2.0,Argentina,2024.0,Medium/Medium
5588,30,69,5000.0,184,80,46.0,31.0,50.0,49.0,70.0,75.0,43,73,64,44,30,46,69,64,69,37,38,2.0,France,2023.0,Medium/Medium
15884,21,60,1000.0,186,72,63.0,42.0,55.0,59.0,58.0,57.0,52,64,61,58,48,54,55,68,59,48,49,2.0,Spain,2022.0,Medium/High
12316,30,63,2000.0,188,90,49.0,63.0,52.0,60.0,32.0,73.0,39,67,60,59,55,66,66,67,39,57,57,3.0,Germany,2023.0,Medium/Medium
4297,21,71,6000.0,174,78,69.0,56.0,66.0,74.0,68.0,71.0,72,52,66,75,74,62,72,62,59,59,55,1.0,Brazil,2024.0,Medium/Medium
2442,34,73,13000.0,186,75,34.0,63.0,68.0,66.0,72.0,74.0,68,80,72,65,52,74,84,80,75,66,75,1.0,Netherlands,2022.0,Medium/Medium
321,30,81,58000.0,173,67,76.0,77.0,79.0,80.0,76.0,62.0,77,70,83,75,73,82,73,66,77,81,74,1.0,Italy,2022.0,High/Medium
5582,36,69,4000.0,184,75,68.0,68.0,65.0,70.0,34.0,69.0,64,73,66,69,67,70,71,69,43,68,70,1.0,Portugal,2022.0,Medium/Low
12873,21,63,2000.0,178,72,81.0,49.0,49.0,60.0,55.0,57.0,57,35,51,59,46,54,70,38,57,47,47,4.0,England,2023.0,High/High
9054,24,66,4000.0,187,73,55.0,67.0,54.0,67.0,22.0,58.0,47,68,63,68,52,70,69,32,18,53,75,1.0,Argentina,2021.0,High/Low
4351,23,71,7000.0,175,72,71.0,42.0,56.0,65.0,71.0,66.0,59,68,66,62,33,49,76,70,70,51,45,1.0,Argentina,2023.0,Medium/Medium
11085,32,64,3000.0,178,73,77.0,62.0,62.0,67.0,28.0,61.0,67,58,59,65,67,68,79,56,23,68,58,1.0,Portugal,2022.0,High/Low
9160,23,66,4000.0,168,71,73.0,56.0,69.0,72.0,38.0,50.0,71,45,68,71,73,61,41,53,32,70,62,1.0,Germany,2023.0,Medium/Medium
3952,28,71,16000.0,189,82,59.0,28.0,56.0,59.0,70.0,72.0,49,73,70,55,27,55,59,74,71,54,43,2.0,Spain,2022.0,Low/High
15807,19,60,1000.0,180,70,72.0,30.0,54.0,59.0,58.0,60.0,40,46,64,56,39,50,72,65,62,58,32,1.0,Belgium,2024.0,Medium/Medium
5394,18,70,16000.0,185,75,73.0,70.0,46.0,72.0,22.0,63.0,41,62,48,73,52,72,72,54,17,56,70,1.0,Portugal,2025.0,Medium/High
13475,28,62,3000.0,175,81,90.0,53.0,52.0,63.0,28.0,59.0,58,40,53,61,54,55,64,47,35,55,53,4.0,England,2023.0,Medium/Medium
3772,27,72,18000.0,177,74,82.0,64.0,68.0,74.0,42.0,57.0,66,52,71,78,63,68,59,43,30,67,57,2.0,France,2022.0,High/Low
4849,32,70,7000.0,179,78,65.0,49.0,62.0,64.0,68.0,76.0,64,58,68,62,50,73,70,82,75,56,53,1.0,Argentina,2022.0,Medium/Medium
5547,34,69,4000.0,178,75,62.0,50.0,64.0,68.0,68.0,73.0,67,59,68,67,67,61,79,74,70,59,51,2.0,France,2022.0,Medium/Medium
7158,23,68,5000.0,179,66,68.0,36.0,53.0,65.0,67.0,69.0,60,70,61,65,50,46,72,70,64,40,46,1.0,Portugal,2022.0,Medium/Medium
1832,25,75,22000.0,182,81,73.0,44.0,64.0,65.0,75.0,73.0,74,70,72,63,51,44,47,71,74,49,53,1.0,Brazil,2024.0,Medium/Medium
658,22,79,70000.0,181,79,84.0,62.0,71.0,74.0,74.0,77.0,77,70,77,74,73,77,79,80,72,65,48,1.0,Brazil,2026.0,High/Medium
3941,32,71,6000.0,185,79,47.0,58.0,63.0,58.0,71.0,81.0,59,77,68,53,47,66,81,76,69,60,49,2.0,Spain,2023.0,Medium/Medium
5421,19,70,19000.0,179,70,67.0,49.0,68.0,73.0,62.0,64.0,52,42,75,72,65,66,60,68,62,72,56,1.0,Italy,2022.0,Medium/Medium
8447,25,67,3000.0,183,76,72.0,40.0,59.0,65.0,63.0,63.0,64,43,65,66,67,49,57,64,67,47,49,1.0,Portugal,2022.0,Medium/Medium
1689,27,75,12000.0,187,81,61.0,32.0,52.0,65.0,75.0,79.0,32,74,70,66,33,60,80,82,72,41,39,1.0,Portugal,2026.0,Medium/High
14918,20,61,4000.0,186,77,55.0,32.0,41.0,44.0,62.0,65.0,29,62,51,40,33,44,65,62,59,38,45,1.0,England,2022.0,Medium/Medium
6624,30,68,4000.0,181,76,72.0,69.0,66.0,61.0,47.0,80.0,68,64,62,64,67,70,75,60,39,68,74,2.0,Spain,2023.0,High/Medium
13156,18,63,1000.0,195,63,73.0,60.0,50.0,58.0,29.0,63.0,43,68,58,57,48,66,65,34,27,53,61,1.0,Netherlands,2024.0,Medium/Medium
13398,33,62,2000.0,183,78,68.0,59.0,62.0,62.0,59.0,74.0,63,52,63,62,61,62,90,60,59,62,51,4.0,England,2022.0,Medium/High
1102,23,77,47000.0,180,72,87.0,71.0,64.0,82.0,45.0,60.0,66,80,69,84,59,69,79,67,39,68,79,1.0,Argentina,2026.0,High/Medium
1668,28,75,23000.0,183,81,64.0,55.0,65.0,71.0,73.0,80.0,56,65,74,72,61,75,82,80,75,65,51,1.0,France,2022.0,Low/High
11071,36,64,3000.0,185,69,42.0,60.0,61.0,63.0,66.0,79.0,60,59,63,62,61,65,85,80,70,62,59,4.0,England,2022.0,Medium/High
2237,32,74,21000.0,175,74,73.0,58.0,73.0,70.0,71.0,73.0,77,65,74,67,68,61,62,69,70,73,63,1.0,Spain,2022.0,High/Medium
7431,18,68,1000.0,173,63,68.0,53.0,64.0,73.0,62.0,55.0,55,52,69,72,53,56,56,65,65,68,41,2.0,France,2024.0,High/High
7768,27,67,5000.0,169,71,76.0,51.0,58.0,67.0,63.0,59.0,65,55,64,64,45,66,81,52,62,45,52,2.0,England,2024.0,Medium/Medium
11149,32,64,1000.0,185,78,64.0,42.0,59.0,63.0,63.0,69.0,62,60,62,61,55,49,77,60,62,53,43,3.0,Germany,2022.0,Medium/Medium
12653,25,63,1000.0,178,76,57.0,55.0,60.0,59.0,58.0,72.0,54,62,67,58,47,60,63,69,58,57,52,2.0,France,2022.0,Medium/High
9266,25,66,7000.0,175,70,72.0,32.0,61.0,64.0,61.0,60.0,62,47,64,62,52,31,61,63,64,63,41,2.0,Brazil,2022.0,Medium/Medium
1333,31,76,13000.0,190,82,57.0,77.0,61.0,73.0,30.0,81.0,58,83,70,77,46,81,74,82,25,60,75,2.0,Portugal,2022.0,High/Medium
10437,22,65,3000.0,185,70,71.0,65.0,58.0,68.0,33.0,60.0,59,62,66,68,53,66,62,58,25,59,62,2.0,Spain,2022.0,Medium/Medium
2816,31,73,8000.0,176,93,62.0,72.0,57.0,69.0,29.0,82.0,52,76,65,68,52,80,74,76,19,54,66,1.0,Argentina,2022.0,High/Low
523,31,79,2000.0,182,80,65.0,64.0,74.0,74.0,75.0,78.0,62,62,81,73,70,68,70,83,81,74,68,1.0,France,2023.0,High/High
12466,27,63,2000.0,189,85,51.0,32.0,38.0,39.0,62.0,76.0,29,63,48,32,35,44,44,72,58,31,48,1.0,Argentina,2026.0,Medium/Medium
2247,29,74,30000.0,172,71,76.0,63.0,71.0,70.0,72.0,66.0,74,69,74,68,68,61,63,65,71,67,66,1.0,Brazil,2024.0,Medium/Medium
12237,19,64,1000.0,180,74,65.0,48.0,64.0,66.0,56.0,64.0,53,56,70,66,62,57,66,59,49,66,48,1.0,Portugal,2023.0,Medium/Medium
978,28,77,45000.0,178,67,70.0,49.0,71.0,71.0,73.0,77.0,60,56,78,70,56,61,79,77,73,75,46,1.0,Argentina,2023.0,Low/Medium
3936,32,71,7000.0,176,73,69.0,62.0,72.0,71.0,62.0,65.0,70,64,73,70,68,61,54,68,64,75,58,2.0,France,2023.0,Medium/High
14801,21,61,1000.0,187,75,67.0,33.0,49.0,55.0,60.0,67.0,27,65,63,59,29,34,57,70,55,53,37,1.0,Belgium,2022.0,High/Medium
8514,33,67,500.0,187,85,69.0,64.0,52.0,68.0,45.0,73.0,48,71,58,65,39,59,70,49,42,55,72,1.0,Argentina,2021.0,Medium/Medium
3697,24,72,7000.0,182,75,73.0,41.0,61.0,68.0,68.0,74.0,66,57,66,70,60,55,72,74,70,56,48,1.0,Portugal,2023.0,High/Medium
6952,23,68,35000.0,181,68,69.0,60.0,65.0,74.0,35.0,58.0,60,52,67,75,73,58,59,50,33,67,62,1.0,Brazil,2025.0,Medium/Medium
4023,29,71,34000.0,172,69,73.0,67.0,70.0,75.0,48.0,65.0,72,56,71,73,75,73,69,80,48,69,68,2.0,France,2023.0,High/Medium
180,24,83,77000.0,175,69,78.0,71.0,82.0,84.0,76.0,70.0,88,65,81,84,83,80,73,77,80,79,55,1.0,Spain,2025.0,High/High
11382,29,64,4000.0,180,72,68.0,62.0,62.0,67.0,57.0,64.0,54,46,66,63,66,61,69,67,63,64,51,3.0,England,2022.0,High/Medium
2835,23,73,48000.0,178,64,64.0,45.0,62.0,66.0,74.0,74.0,43,64,75,63,50,67,69,88,76,59,45,1.0,England,2023.0,Medium/High
16258,18,59,3000.0,185,70,59.0,29.0,36.0,41.0,62.0,55.0,35,62,41,37,28,47,74,57,59,32,47,1.0,England,2022.0,Medium/Medium
10948,21,65,2000.0,169,55,78.0,43.0,52.0,65.0,60.0,51.0,68,47,52,64,42,48,63,60,61,48,41,2.0,Spain,2022.0,Medium/Medium
10914,20,65,500.0,174,73,84.0,49.0,61.0,70.0,58.0,64.0,66,41,58,72,68,57,52,80,58,63,33,1.0,Brazil,2023.0,High/Low
5718,28,69,7000.0,172,63,66.0,41.0,62.0,65.0,67.0,71.0,53,61,68,60,68,53,71,77,70,59,50,1.0,Netherlands,2022.0,Low/High
1465,40,75,900.0,174,69,42.0,71.0,80.0,75.0,38.0,50.0,79,45,80,77,82,69,45,75,42,85,80,1.0,Argentina,2021.0,Medium/Low
11689,21,64,750.0,187,73,66.0,29.0,41.0,47.0,65.0,69.0,27,65,61,36,28,43,65,57,63,32,48,1.0,Argentina,2021.0,Medium/Medium
11385,30,64,2000.0,184,73,80.0,46.0,56.0,62.0,57.0,64.0,58,51,53,59,51,50,51,43,57,63,47,3.0,England,2022.0,High/High
9713,19,66,1000.0,186,74,63.0,50.0,61.0,61.0,65.0,64.0,50,61,67,61,37,51,59,65,65,67,50,2.0,Spain,2022.0,Medium/High
151,30,83,38000.0,176,65,83.0,80.0,85.0,82.0,67.0,71.0,81,50,84,82,85,78,38,68,77,89,80,1.0,Spain,2023.0,High/Medium
8281,21,67,4000.0,196,91,62.0,33.0,43.0,52.0,68.0,70.0,34,69,61,51,29,47,55,62,65,28,43,2.0,Germany,2023.0,Medium/Medium
2286,24,74,17000.0,179,82,81.0,64.0,72.0,73.0,70.0,75.0,76,58,72,75,83,82,80,70,68,66,55,2.0,Argentina,2022.0,High/Medium
7628,30,67,4000.0,170,69,80.0,67.0,60.0,65.0,42.0,77.0,58,68,66,63,62,71,74,74,52,52,73,2.0,Spain,2022.0,High/High
10325,33,65,7000.0,177,72,90.0,64.0,52.0,71.0,23.0,52.0,51,56,61,77,41,62,45,41,23,44,77,1.0,Brazil,2024.0,Medium/Medium
10768,21,65,3000.0,186,80,65.0,34.0,48.0,48.0,64.0,72.0,39,66,54,36,26,57,72,71,62,49,33,2.0,Germany,2022.0,Medium/Medium
5745,26,69,3000.0,184,82,65.0,70.0,58.0,68.0,22.0,67.0,46,68,64,65,65,71,68,33,14,64,74,1.0,Brazil,2022.0,Medium/Low
13741,24,62,500.0,183,72,72.0,36.0,54.0,60.0,59.0,65.0,56,54,55,62,45,35,81,63,58,50,44,1.0,England,2021.0,Medium/Medium
8241,22,67,9000.0,193,78,75.0,45.0,54.0,63.0,63.0,73.0,62,55,56,64,49,59,44,69,62,53,52,2.0,England,2023.0,High/Medium
6801,29,68,500.0,183,70,76.0,65.0,60.0,68.0,27.0,57.0,70,67,65,70,40,66,76,31,16,60,66,1.0,Argentina,2021.0,High/Medium
10677,22,65,3000.0,175,76,72.0,56.0,58.0,68.0,59.0,68.0,67,55,59,68,62,70,81,66,57,49,42,1.0,Argentina,2023.0,Medium/Medium
7688,29,67,5000.0,176,77,74.0,41.0,54.0,67.0,62.0,74.0,55,63,57,68,46,56,76,82,66,47,48,1.0,Argentina,2022.0,Medium/Medium
1319,25,76,33000.0,180,69,69.0,67.0,72.0,74.0,74.0,76.0,67,67,76,73,63,78,84,74,81,73,40,1.0,England,2024.0,Medium/High
14015,20,62,3000.0,170,67,58.0,26.0,48.0,54.0,63.0,43.0,60,58,60,48,33,26,55,51,65,37,39,2.0,Spain,2022.0,Medium/Medium
10999,22,65,3000.0,178,75,67.0,58.0,63.0,64.0,60.0,64.0,56,48,70,63,46,63,68,65,60,62,53,1.0,Argentina,2024.0,Medium/Medium
5988,23,69,4000.0,181,75,62.0,38.0,53.0,61.0,69.0,70.0,52,66,61,57,48,46,80,62,69,35,40,2.0,Spain,2022.0,Medium/High
11705,24,64,2000.0,186,76,54.0,33.0,38.0,47.0,65.0,67.0,28,62,50,41,29,46,76,70,63,32,42,1.0,Brazil,2024.0,Medium/Medium
1859,33,75,14000.0,185,83,68.0,78.0,55.0,71.0,29.0,76.0,50,79,64,74,45,80,80,75,15,56,72,1.0,Argentina,2023.0,Medium/Medium
1634,30,75,9000.0,171,71,71.0,63.0,77.0,75.0,64.0,69.0,74,50,81,74,68,68,46,65,61,77,57,1.0,Brazil,2022.0,Medium/Medium
83,30,85,220000.0,176,73,80.0,84.0,84.0,87.0,52.0,72.0,83,83,84,85,86,82,90,73,49,85,79,1.0,France,2022.0,Medium/Medium
10470,27,65,2000.0,175,69,76.0,65.0,56.0,67.0,18.0,69.0,54,55,62,66,45,70,78,68,16,58,61,2.0,France,2023.0,High/Medium
11570,25,64,2000.0,184,77,72.0,62.0,65.0,64.0,58.0,71.0,65,53,63,63,56,61,67,63,50,69,61,2.0,Spain,2023.0,Medium/Medium
16320,18,59,500.0,181,76,65.0,54.0,58.0,59.0,52.0,60.0,45,58,66,61,49,70,62,67,50,53,56,2.0,Spain,2022.0,Medium/Medium
16068,21,59,2000.0,174,65,70.0,29.0,54.0,56.0,55.0,55.0,58,45,56,53,60,54,56,50,55,50,27,4.0,England,2022.0,Medium/Medium
9623,21,66,6000.0,183,68,82.0,46.0,59.0,62.0,56.0,57.0,64,46,64,65,52,50,75,49,60,55,40,2.0,England,2023.0,High/Medium
3403,33,72,17000.0,186,75,72.0,75.0,58.0,63.0,33.0,76.0,64,83,61,64,49,75,88,75,23,65,86,1.0,Argentina,2023.0,Medium/Medium
9171,24,66,3000.0,177,63,85.0,46.0,55.0,64.0,58.0,71.0,61,55,58,62,34,45,84,56,55,55,33,3.0,England,2023.0,Medium/Medium
743,31,78,28000.0,185,75,59.0,60.0,75.0,75.0,76.0,75.0,78,67,76,74,65,69,80,74,76,74,65,1.0,Germany,2023.0,Medium/Medium
9104,28,66,2000.0,184,74,55.0,50.0,52.0,56.0,67.0,67.0,30,64,62,51,26,49,57,54,69,61,33,2.0,Spain,2022.0,Medium/Medium
6951,25,68,9000.0,184,81,73.0,39.0,56.0,61.0,67.0,70.0,61,63,63,60,46,61,84,58,67,45,42,2.0,Germany,2023.0,Medium/Medium
2250,29,74,28000.0,188,78,56.0,50.0,61.0,51.0,76.0,75.0,61,73,67,45,54,71,86,80,72,44,77,1.0,Brazil,2024.0,Medium/Medium
15862,20,60,500.0,187,82,68.0,37.0,51.0,58.0,54.0,70.0,54,51,55,60,53,43,59,67,52,45,36,3.0,Germany,2024.0,High/High
1565,34,75,31000.0,178,76,67.0,76.0,75.0,78.0,42.0,64.0,76,67,77,78,76,77,57,60,39,76,70,1.0,France,2022.0,Medium/Medium
11501,26,64,3000.0,186,85,68.0,63.0,59.0,62.0,33.0,67.0,51,70,61,61,53,64,81,53,27,64,66,1.0,Brazil,2023.0,High/Low
3774,21,72,13000.0,185,81,69.0,41.0,60.0,67.0,72.0,72.0,60,67,73,65,42,59,70,72,72,41,62,1.0,Brazil,2023.0,Medium/Medium
6910,25,68,5000.0,169,67,72.0,58.0,67.0,73.0,60.0,61.0,59,57,72,74,59,67,62,60,65,66,56,1.0,Brazil,2022.0,High/Medium
14255,17,62,2000.0,175,70,72.0,56.0,56.0,66.0,37.0,55.0,52,52,59,64,56,56,35,62,35,61,45,1.0,England,2024.0,Medium/Medium
4163,29,71,16000.0,189,80,59.0,59.0,57.0,60.0,72.0,71.0,48,70,67,54,36,75,72,78,71,54,48,1.0,Spain,2023.0,Medium/High
8995,30,66,2000.0,189,79,53.0,65.0,52.0,57.0,36.0,76.0,44,68,55,56,44,71,39,56,25,62,66,1.0,Spain,2022.0,High/Low
260,25,82,18000.0,190,82,60.0,65.0,70.0,72.0,85.0,88.0,59,79,76,74,61,76,81,89,83,71,56,1.0,Portugal,2025.0,Medium/High
3154,31,72,6000.0,179,70,74.0,57.0,68.0,72.0,69.0,69.0,70,65,72,71,66,67,71,72,71,65,63,1.0,England,2022.0,High/Medium
12701,21,63,5000.0,182,68,64.0,41.0,63.0,62.0,59.0,60.0,48,45,70,62,56,44,59,59,61,64,52,2.0,England,2023.0,Medium/Medium
2338,22,74,56000.0,175,72,83.0,72.0,55.0,74.0,24.0,61.0,43,67,66,74,54,72,73,52,19,58,68,1.0,England,2022.0,High/Medium
3588,25,72,9000.0,182,78,70.0,47.0,66.0,62.0,72.0,74.0,51,73,72,62,61,44,82,81,71,67,63,1.0,Brazil,2024.0,High/Medium
9244,23,66,5000.0,190,89,63.0,67.0,51.0,64.0,32.0,74.0,37,65,63,64,29,66,71,60,25,58,68,2.0,Germany,2024.0,Medium/Medium
5271,23,70,7000.0,173,73,67.0,56.0,66.0,70.0,67.0,64.0,56,56,75,68,49,62,63,61,65,71,54,1.0,Argentina,2022.0,Medium/Medium
6623,27,68,7000.0,198,91,54.0,69.0,55.0,62.0,33.0,76.0,56,73,63,64,46,72,65,58,28,57,67,1.0,Belgium,2024.0,Medium/Low
3562,25,72,21000.0,178,69,78.0,55.0,66.0,64.0,69.0,61.0,72,58,71,61,67,67,62,72,71,58,56,1.0,Brazil,2024.0,High/Medium
8581,18,67,4000.0,183,80,72.0,64.0,49.0,65.0,26.0,65.0,40,74,57,65,48,64,79,49,22,47,62,1.0,France,2023.0,Medium/Medium
13408,30,62,4000.0,193,76,64.0,59.0,49.0,58.0,34.0,74.0,41,64,55,58,40,62,68,68,39,55,57,4.0,England,2022.0,High/Medium
5092,25,70,8000.0,181,80,79.0,59.0,70.0,72.0,32.0,63.0,74,44,72,75,63,61,70,31,45,71,45,1.0,Brazil,2024.0,High/Medium
1892,23,75,40000.0,186,79,77.0,76.0,71.0,74.0,32.0,76.0,67,70,74,74,72,78,73,73,32,74,73,1.0,Germany,2025.0,High/Medium
6134,22,69,7000.0,185,76,62.0,50.0,62.0,64.0,67.0,68.0,46,58,71,64,42,53,62,57,67,67,35,2.0,Germany,2024.0,Medium/High
1083,25,77,14000.0,167,66,84.0,64.0,72.0,77.0,70.0,86.0,75,55,77,76,74,73,50,84,73,76,48,1.0,Argentina,2022.0,High/High
4017,30,71,8000.0,193,84,51.0,43.0,46.0,44.0,75.0,71.0,45,76,55,32,31,62,46,73,75,37,44,2.0,Germany,2023.0,Medium/Medium
4194,31,71,10000.0,183,73,86.0,68.0,60.0,73.0,32.0,66.0,69,60,63,73,61,73,74,34,18,61,61,1.0,Netherlands,2022.0,Medium/Medium
5048,30,70,12000.0,193,81,57.0,24.0,41.0,44.0,70.0,72.0,23,74,52,33,24,33,83,64,73,32,34,2.0,England,2022.0,Low/Medium
229,28,82,66000.0,177,67,77.0,75.0,77.0,79.0,77.0,81.0,69,59,85,76,69,83,74,84,77,74,85,1.0,France,2024.0,Medium/Medium
9120,27,66,3000.0,180,75,72.0,48.0,61.0,59.0,62.0,51.0,67,60,64,59,58,58,41,32,63,55,58,1.0,Spain,2024.0,Medium/Medium
18034,20,55,500.0,175,72,66.0,36.0,47.0,49.0,50.0,60.0,34,47,55,43,32,53,60,53,51,49,39,1.0,Argentina,2021.0,Medium/Medium
2368,30,74,12000.0,179,70,82.0,68.0,72.0,76.0,37.0,54.0,66,52,76,79,72,68,53,45,44,71,62,1.0,Brazil,2022.0,Medium/Medium
3571,25,72,25000.0,187,82,55.0,75.0,60.0,70.0,36.0,64.0,57,64,64,70,63,79,59,58,37,54,72,1.0,Brazil,2024.0,Medium/Medium
1893,21,75,26000.0,186,76,76.0,72.0,68.0,76.0,61.0,69.0,60,64,76,78,64,73,60,70,62,69,62,1.0,England,2026.0,Medium/Medium
5687,28,69,6000.0,185,80,70.0,36.0,44.0,57.0,68.0,79.0,38,69,53,51,31,42,83,70,71,39,45,3.0,England,2022.0,Medium/High
8137,25,67,3000.0,180,75,72.0,61.0,65.0,71.0,42.0,58.0,54,46,74,74,56,68,52,47,39,62,60,1.0,Brazil,2021.0,Medium/Low
6489,34,68,500.0,174,65,73.0,66.0,65.0,68.0,43.0,69.0,67,64,63,67,71,71,69,65,57,69,61,1.0,Argentina,2021.0,High/Low
3552,24,72,14000.0,190,81,59.0,74.0,69.0,70.0,47.0,63.0,64,74,71,71,72,72,59,43,40,72,75,1.0,Netherlands,2022.0,High/Medium
5694,26,69,16000.0,173,67,85.0,66.0,61.0,72.0,28.0,51.0,65,38,63,73,64,74,48,41,27,61,58,2.0,England,2022.0,High/Low
15131,22,61,2000.0,178,74,64.0,53.0,60.0,65.0,47.0,51.0,47,44,67,66,51,58,54,43,46,60,50,1.0,Argentina,2024.0,High/Medium
16163,22,59,4000.0,179,78,70.0,60.0,48.0,62.0,18.0,58.0,34,55,52,62,54,62,65,34,13,55,56,1.0,Brazil,2021.0,High/Low
13540,26,62,2000.0,183,79,68.0,27.0,49.0,53.0,59.0,70.0,58,57,52,50,42,33,73,69,58,43,34,4.0,England,2023.0,Medium/High
6781,27,68,6000.0,193,75,63.0,34.0,56.0,62.0,67.0,67.0,40,65,68,58,26,56,78,64,74,55,44,1.0,Netherlands,2023.0,Medium/High
9152,24,66,12000.0,177,74,73.0,62.0,58.0,71.0,27.0,60.0,58,54,62,73,64,67,65,56,24,64,55,2.0,Portugal,2023.0,High/Medium
8799,27,66,3000.0,191,79,59.0,65.0,43.0,61.0,34.0,79.0,31,72,53,58,40,71,74,74,37,45,64,3.0,England,2024.0,High/High
835,22,78,42000.0,196,90,59.0,34.0,61.0,52.0,80.0,80.0,46,77,75,51,37,66,64,75,77,59,30,1.0,France,2022.0,Medium/High
17139,19,57,2000.0,186,77,69.0,56.0,40.0,56.0,24.0,62.0,37,53,44,56,39,56,69,38,18,42,57,4.0,England,2022.0,Medium/Medium
14381,18,62,5000.0,185,73,83.0,61.0,49.0,62.0,23.0,62.0,43,58,54,60,46,64,73,53,14,55,61,4.0,England,2022.0,High/High
10125,26,65,2000.0,196,88,41.0,65.0,55.0,56.0,31.0,73.0,50,82,61,58,35,69,67,36,26,60,62,3.0,Netherlands,2026.0,Medium/High
3633,30,72,12000.0,180,77,83.0,71.0,53.0,70.0,43.0,80.0,39,70,62,68,47,76,80,87,37,57,71,1.0,Argentina,2021.0,High/Medium
2322,22,74,56000.0,182,75,68.0,52.0,68.0,66.0,75.0,75.0,68,74,74,62,60,68,77,68,74,63,44,1.0,France,2025.0,Low/High
6081,25,69,6000.0,185,74,62.0,47.0,59.0,64.0,69.0,68.0,60,70,64,61,65,57,70,66,75,47,48,1.0,Brazil,2024.0,Medium/Medium
7943,26,67,2000.0,172,63,59.0,65.0,67.0,69.0,62.0,65.0,59,54,70,64,63,70,68,63,62,71,67,2.0,France,2022.0,Medium/Medium
12188,28,64,2000.0,182,76,56.0,41.0,59.0,56.0,62.0,66.0,55,59,66,55,42,54,65,73,69,58,50,2.0,Spain,2022.0,Medium/Medium
5632,29,69,8000.0,192,88,32.0,35.0,50.0,52.0,71.0,73.0,41,73,61,44,28,50,43,74,72,44,64,1.0,Belgium,2023.0,Medium/Medium
9775,26,66,2000.0,184,75,70.0,44.0,49.0,58.0,65.0,69.0,41,63,59,56,48,62,78,71,63,40,45,2.0,Spain,2022.0,High/Medium
9771,18,66,12000.0,173,67,82.0,58.0,57.0,72.0,28.0,45.0,57,38,60,73,45,62,46,31,22,63,64,1.0,Brazil,2025.0,Medium/Low
3595,29,72,28000.0,178,76,76.0,76.0,58.0,75.0,31.0,68.0,53,64,56,76,83,86,73,55,25,56,76,1.0,Brazil,2024.0,Medium/Medium
9475,20,66,11000.0,180,78,73.0,62.0,63.0,68.0,51.0,66.0,57,42,66,68,55,65,53,56,50,66,64,1.0,England,2024.0,High/Medium
15529,20,60,1000.0,182,76,68.0,34.0,49.0,56.0,60.0,70.0,51,56,53,57,37,49,75,55,58,48,46,3.0,England,2023.0,Medium/Medium
53,32,86,64000.0,182,74,50.0,83.0,90.0,81.0,71.0,69.0,86,61,92,82,88,81,49,58,81,89,88,1.0,Spain,2024.0,Medium/Medium
4117,27,71,8000.0,174,69,62.0,76.0,78.0,72.0,44.0,59.0,77,40,78,70,84,86,43,52,41,77,73,2.0,Spain,2023.0,Medium/Medium
2311,21,74,8000.0,184,74,62.0,44.0,61.0,68.0,74.0,73.0,41,67,73,64,44,65,61,78,75,66,38,1.0,Portugal,2022.0,Medium/High
7545,32,67,4000.0,185,72,59.0,67.0,66.0,66.0,42.0,60.0,66,67,68,65,69,68,70,46,46,69,68,1.0,Netherlands,2023.0,Medium/Low
6844,25,68,5000.0,175,76,78.0,62.0,66.0,71.0,39.0,53.0,71,51,68,73,69,70,46,41,36,62,59,2.0,England,2023.0,Medium/Medium
3308,28,72,7000.0,175,78,81.0,64.0,65.0,70.0,65.0,73.0,69,61,65,68,66,74,84,59,68,63,67,2.0,Spain,2022.0,High/Medium
2273,29,74,16000.0,180,76,80.0,75.0,58.0,73.0,29.0,62.0,61,76,61,73,55,73,64,44,44,55,72,1.0,Brazil,2024.0,High/Low
9096,24,66,2000.0,174,71,86.0,55.0,59.0,70.0,46.0,57.0,59,43,64,72,57,63,68,39,50,63,49,3.0,Germany,2023.0,Medium/Medium
10088,27,65,4000.0,185,85,52.0,43.0,54.0,49.0,66.0,71.0,59,60,62,44,27,52,51,67,67,41,47,1.0,France,2022.0,Medium/Medium
14072,24,62,800.0,176,65,75.0,53.0,55.0,65.0,22.0,51.0,59,32,60,66,40,51,53,59,23,51,47,1.0,Spain,2022.0,Medium/Medium
1347,23,76,58000.0,175,75,75.0,61.0,75.0,74.0,70.0,62.0,82,58,75,74,82,65,51,65,75,66,66,1.0,Italy,2023.0,Medium/Medium
6196,22,69,6000.0,182,80,68.0,30.0,45.0,52.0,68.0,77.0,30,66,61,43,30,48,86,78,67,32,38,2.0,Germany,2024.0,Medium/Medium
2431,36,73,8000.0,179,75,35.0,71.0,68.0,69.0,72.0,77.0,55,58,73,65,52,80,76,74,78,75,60,2.0,Spain,2022.0,Medium/High
3211,31,72,9000.0,169,60,64.0,69.0,74.0,73.0,55.0,62.0,75,59,74,73,76,68,56,57,56,75,62,2.0,Spain,2023.0,Medium/Medium
3115,34,72,13000.0,188,80,41.0,65.0,70.0,64.0,68.0,75.0,64,68,73,60,66,79,58,74,70,71,59,1.0,Spain,2022.0,Medium/High
10782,23,65,4000.0,184,71,63.0,47.0,62.0,66.0,66.0,71.0,43,56,74,65,51,66,63,61,67,64,64,1.0,Portugal,2022.0,Medium/Medium
16784,19,58,4000.0,180,70,72.0,44.0,53.0,54.0,57.0,64.0,49,50,60,52,44,48,83,51,58,49,48,1.0,England,2023.0,Medium/Medium
2668,30,73,16000.0,184,84,62.0,43.0,49.0,53.0,75.0,78.0,43,70,56,49,36,62,75,81,76,48,48,1.0,Argentina,2021.0,Low/High
7472,20,68,13000.0,193,89,72.0,43.0,56.0,60.0,67.0,73.0,58,69,62,60,31,48,66,68,66,46,39,1.0,Netherlands,2025.0,High/Medium
3251,30,72,8000.0,169,66,58.0,61.0,75.0,72.0,63.0,65.0,70,32,78,70,75,76,60,70,74,74,62,1.0,Netherlands,2024.0,Medium/Medium
8395,21,67,2000.0,183,75,80.0,59.0,59.0,70.0,35.0,59.0,60,55,62,74,53,63,52,33,31,60,57,1.0,France,2025.0,High/Low
14410,31,61,500.0,188,77,42.0,30.0,38.0,36.0,61.0,69.0,29,62,54,22,26,51,74,63,60,22,17,5.0,England,2023.0,Low/Medium
4068,31,71,5000.0,184,83,63.0,57.0,68.0,64.0,66.0,79.0,73,68,69,62,43,68,85,67,66,71,47,2.0,France,2023.0,Medium/Medium
9396,32,66,850.0,192,81,41.0,26.0,45.0,45.0,66.0,74.0,22,66,61,32,29,40,70,69,68,38,34,3.0,Germany,2023.0,Medium/Medium
8278,24,67,8000.0,178,68,75.0,33.0,56.0,59.0,64.0,63.0,68,61,65,56,45,37,56,71,62,43,37,1.0,France,2022.0,Medium/Medium
4942,27,70,10000.0,191,80,66.0,32.0,51.0,63.0,72.0,70.0,58,70,58,60,50,59,68,74,72,32,27,1.0,Italy,2025.0,Low/High
1833,29,75,26000.0,177,73,71.0,46.0,67.0,73.0,75.0,72.0,68,75,76,75,65,56,82,82,73,56,48,1.0,Brazil,2024.0,Medium/Medium
2507,29,73,1000.0,185,82,70.0,73.0,65.0,72.0,37.0,75.0,64,72,70,72,65,78,66,75,36,65,80,1.0,Portugal,2023.0,Medium/Medium
15497,22,60,1000.0,184,80,64.0,49.0,57.0,60.0,48.0,66.0,41,56,70,57,43,67,66,61,46,53,43,2.0,France,2024.0,High/Medium
10627,21,65,4000.0,177,72,77.0,62.0,61.0,69.0,34.0,39.0,64,42,63,71,64,61,44,43,39,61,63,1.0,Spain,2023.0,Medium/Medium
1744,24,75,36000.0,182,79,60.0,56.0,74.0,69.0,74.0,70.0,70,69,77,66,71,69,67,73,76,73,42,1.0,Netherlands,2024.0,Medium/Medium
18514,19,53,2000.0,178,72,76.0,42.0,43.0,60.0,28.0,44.0,48,35,40,62,40,53,38,33,19,48,40,2.0,England,2022.0,High/Low
4693,31,70,7000.0,180,71,67.0,67.0,69.0,70.0,65.0,66.0,71,57,67,70,72,74,54,49,68,69,74,2.0,Spain,2023.0,High/Medium
13396,34,62,2000.0,188,78,56.0,63.0,53.0,60.0,27.0,68.0,54,61,56,56,44,65,64,54,21,59,65,3.0,England,2022.0,High/Medium
18846,17,52,500.0,168,63,85.0,45.0,46.0,58.0,27.0,41.0,44,31,50,53,46,54,66,32,31,47,43,4.0,England,2022.0,Medium/Medium
8049,24,67,4000.0,183,71,86.0,64.0,57.0,70.0,38.0,67.0,57,59,58,69,55,68,71,60,30,62,51,1.0,Portugal,2023.0,High/Low
14965,21,61,2000.0,184,75,77.0,57.0,58.0,61.0,36.0,52.0,69,43,58,61,47,64,41,44,35,57,56,2.0,Spain,2023.0,Medium/Medium
2381,21,74,32000.0,171,75,83.0,73.0,69.0,74.0,37.0,63.0,72,52,69,73,69,77,59,53,29,72,63,1.0,France,2024.0,Medium/Medium
10751,21,65,2000.0,182,72,93.0,50.0,50.0,71.0,28.0,49.0,58,39,54,74,50,41,49,45,19,49,40,2.0,Germany,2022.0,High/Medium
11678,22,64,2000.0,180,73,78.0,63.0,53.0,66.0,29.0,62.0,59,57,57,66,36,63,70,58,27,48,58,3.0,England,2025.0,High/Low
4640,32,70,7000.0,180,79,61.0,60.0,65.0,69.0,67.0,74.0,68,65,70,70,59,75,70,75,67,55,64,1.0,Argentina,2021.0,High/Low
2135,25,74,24000.0,178,70,62.0,59.0,75.0,72.0,66.0,67.0,73,39,79,68,73,69,64,64,73,73,60,2.0,England,2022.0,Medium/High
12220,18,64,700.0,170,63,72.0,40.0,63.0,68.0,60.0,59.0,46,60,72,67,47,51,61,62,53,67,52,1.0,Netherlands,2023.0,Medium/Medium
4650,31,70,5000.0,180,75,69.0,70.0,69.0,69.0,67.0,74.0,67,59,70,68,72,75,64,77,70,68,71,2.0,Spain,2023.0,High/High
2456,35,73,9000.0,184,82,40.0,37.0,56.0,59.0,75.0,71.0,58,76,66,54,47,63,76,77,76,36,31,1.0,Italy,2022.0,Medium/High
13891,19,62,2000.0,188,75,76.0,24.0,39.0,46.0,62.0,65.0,30,58,53,40,35,36,70,60,61,34,34,1.0,England,2022.0,Medium/Medium
14680,20,61,600.0,186,76,54.0,31.0,48.0,47.0,60.0,66.0,38,64,62,39,45,41,79,53,64,33,36,3.0,Germany,2023.0,Medium/Medium
5532,35,69,5000.0,178,75,71.0,61.0,65.0,68.0,65.0,72.0,67,66,67,67,59,68,71,76,65,64,68,1.0,Argentina,2021.0,High/Low
6305,21,69,12000.0,188,78,65.0,67.0,64.0,68.0,65.0,69.0,51,65,72,66,55,68,65,66,63,66,48,1.0,Italy,2022.0,High/Medium
4151,26,71,14000.0,187,73,51.0,67.0,72.0,68.0,68.0,69.0,72,71,72,66,69,80,53,73,70,72,55,1.0,Belgium,2024.0,Medium/Medium
15627,18,60,5000.0,165,60,79.0,58.0,51.0,62.0,25.0,48.0,49,59,56,59,50,57,77,40,21,50,60,1.0,Netherlands,2022.0,High/Medium
16517,31,58,500.0,179,77,66.0,42.0,54.0,60.0,53.0,59.0,54,52,62,56,48,65,65,56,50,43,48,3.0,Germany,2022.0,Medium/Medium
10945,27,65,3000.0,182,76,70.0,40.0,49.0,60.0,64.0,64.0,60,50,54,64,35,57,58,57,63,39,41,1.0,Argentina,2021.0,Medium/Medium
2083,34,74,14000.0,168,71,83.0,71.0,70.0,75.0,43.0,67.0,68,58,71,73,69,73,74,75,21,72,77,1.0,Argentina,2022.0,High/Medium
9899,35,65,950.0,173,72,53.0,59.0,65.0,74.0,46.0,61.0,59,33,67,72,66,71,73,63,57,67,68,1.0,Brazil,2022.0,Medium/Medium
9892,30,65,6000.0,185,80,65.0,64.0,52.0,61.0,28.0,84.0,40,65,58,59,58,68,83,87,23,56,56,4.0,England,2023.0,Low/Low
15574,19,60,2000.0,172,68,64.0,54.0,62.0,62.0,50.0,47.0,49,51,70,60,61,65,50,45,38,63,63,2.0,Germany,2022.0,Medium/Medium
14284,19,62,850.0,190,77,59.0,43.0,57.0,61.0,56.0,64.0,44,52,65,58,44,51,63,59,60,62,43,2.0,France,2024.0,Medium/Medium
16164,20,59,6000.0,184,75,64.0,50.0,56.0,63.0,40.0,52.0,51,39,59,64,53,60,52,40,31,58,57,1.0,France,2023.0,High/Medium
12338,29,63,2000.0,189,93,62.0,53.0,55.0,57.0,62.0,76.0,44,62,60,55,59,67,65,49,60,56,48,3.0,Germany,2023.0,Medium/Medium
5747,26,69,6000.0,177,68,78.0,54.0,59.0,65.0,61.0,68.0,69,53,63,63,41,62,80,72,60,64,39,2.0,Germany,2024.0,High/High
9404,28,66,2000.0,170,65,87.0,38.0,55.0,66.0,59.0,72.0,59,51,59,64,49,50,80,67,61,51,43,2.0,France,2022.0,Medium/Medium
2922,24,73,6000.0,171,70,81.0,49.0,65.0,69.0,68.0,75.0,66,48,69,70,52,64,76,79,72,64,47,2.0,Argentina,2023.0,Medium/Medium
3506,27,72,8000.0,189,85,68.0,75.0,72.0,71.0,43.0,75.0,65,65,76,72,73,76,55,55,34,73,70,1.0,Brazil,2021.0,High/Medium
945,29,77,27000.0,182,69,87.0,58.0,71.0,76.0,70.0,73.0,77,57,73,77,75,64,73,62,73,68,50,1.0,Spain,2022.0,High/Medium
15968,28,59,1000.0,189,87,58.0,25.0,36.0,44.0,58.0,70.0,22,58,47,39,31,43,58,64,56,29,33,3.0,Germany,2022.0,Medium/High
8595,20,67,6000.0,192,87,52.0,28.0,42.0,49.0,68.0,72.0,26,64,58,47,25,48,72,69,66,38,31,1.0,Germany,2024.0,Medium/Medium
13258,33,63,3000.0,182,82,54.0,37.0,44.0,44.0,63.0,67.0,41,65,51,34,28,51,66,74,57,39,40,1.0,Argentina,2021.0,Medium/Medium
3869,33,71,25000.0,178,75,77.0,70.0,68.0,73.0,36.0,68.0,71,63,68,73,70,74,73,51,23,69,63,1.0,Netherlands,2022.0,Medium/Medium
9009,26,66,4000.0,184,76,65.0,60.0,66.0,66.0,61.0,72.0,65,59,65,63,66,68,75,65,61,70,34,3.0,England,2023.0,Medium/Medium
12086,20,64,1000.0,184,82,65.0,37.0,49.0,54.0,63.0,64.0,55,68,60,51,29,61,78,67,65,34,43,2.0,Spain,2024.0,Medium/Medium
669,35,78,19000.0,186,80,54.0,43.0,63.0,65.0,79.0,75.0,52,77,76,62,31,54,82,81,79,56,51,1.0,France,2022.0,Low/High
8934,27,66,1000.0,183,77,72.0,58.0,67.0,72.0,51.0,67.0,63,47,69,70,72,71,66,58,53,70,40,3.0,Germany,2022.0,High/Medium
10911,21,65,2000.0,170,65,75.0,48.0,57.0,69.0,59.0,63.0,61,38,60,68,53,63,69,68,58,52,48,1.0,France,2023.0,High/Medium
2110,29,74,23000.0,183,72,74.0,56.0,66.0,69.0,70.0,69.0,71,60,72,68,63,65,74,70,70,62,55,1.0,Germany,2023.0,Medium/Medium
11909,24,64,3000.0,180,75,64.0,40.0,56.0,63.0,61.0,67.0,46,48,66,63,37,48,61,65,63,52,44,2.0,Italy,2023.0,Medium/High
10236,25,65,3000.0,175,66,84.0,65.0,55.0,68.0,27.0,56.0,57,55,57,66,56,66,65,43,27,57,57,3.0,England,2022.0,Medium/Medium
12450,25,63,3000.0,171,67,76.0,33.0,55.0,64.0,56.0,62.0,62,50,57,61,62,45,84,51,57,44,36,4.0,England,2022.0,High/Medium
8132,28,67,6000.0,184,78,58.0,59.0,62.0,63.0,64.0,77.0,60,54,65,61,45,65,74,62,66,65,52,1.0,France,2024.0,Medium/High
11948,19,64,10000.0,183,78,78.0,39.0,54.0,59.0,63.0,68.0,42,62,63,57,46,54,71,66,65,53,35,1.0,England,2024.0,High/High
4998,26,70,4000.0,170,70,76.0,50.0,61.0,68.0,66.0,76.0,62,54,66,68,53,60,53,78,68,65,48,1.0,Portugal,2022.0,High/Medium
17285,20,57,2000.0,183,67,67.0,25.0,43.0,49.0,56.0,49.0,58,38,41,48,27,31,60,47,57,39,32,1.0,Belgium,2022.0,Low/Medium
7912,27,67,4000.0,188,82,63.0,65.0,67.0,65.0,53.0,66.0,60,78,70,65,67,64,88,37,58,69,70,2.0,Spain,2022.0,High/High
14186,17,62,2000.0,180,70,82.0,49.0,56.0,65.0,34.0,48.0,63,46,57,67,56,66,46,43,22,62,47,1.0,Netherlands,2023.0,Medium/Medium
8320,20,67,3000.0,167,55,83.0,59.0,59.0,71.0,33.0,56.0,61,41,59,71,55,65,65,62,35,61,50,2.0,Belgium,2025.0,High/Medium
16742,18,58,3000.0,187,75,51.0,37.0,52.0,48.0,59.0,62.0,47,51,54,45,42,41,68,56,58,59,46,1.0,Portugal,2023.0,Low/Medium
18653,19,53,700.0,181,70,60.0,45.0,52.0,57.0,39.0,50.0,40,46,59,55,40,41,60,48,43,58,44,3.0,Germany,2022.0,Medium/Medium
9203,23,66,10000.0,188,78,60.0,30.0,47.0,54.0,64.0,74.0,32,68,61,53,31,36,78,71,60,38,38,2.0,England,2024.0,Low/Medium
16678,20,58,800.0,188,75,53.0,26.0,32.0,37.0,59.0,68.0,27,57,37,31,24,43,77,54,58,30,36,2.0,France,2022.0,Medium/Medium
7563,33,67,4000.0,176,77,64.0,55.0,65.0,68.0,64.0,70.0,63,62,64,68,71,67,80,71,63,66,56,1.0,Netherlands,2022.0,Medium/Medium
8763,32,66,2000.0,180,74,67.0,61.0,66.0,65.0,58.0,63.0,66,42,66,65,66,63,59,56,59,66,55,3.0,England,2022.0,High/Medium
5103,22,70,15000.0,191,76,74.0,41.0,59.0,67.0,69.0,73.0,64,65,64,67,44,50,62,71,66,55,45,2.0,England,2024.0,Medium/Medium
7992,31,67,5000.0,176,72,74.0,66.0,58.0,67.0,26.0,64.0,49,66,63,64,64,67,80,59,24,64,70,3.0,England,2022.0,High/Medium
12863,21,63,3000.0,181,75,46.0,32.0,41.0,49.0,67.0,59.0,26,73,55,47,36,48,82,48,61,32,44,2.0,France,2022.0,Medium/Medium
3296,28,72,10000.0,181,69,53.0,69.0,75.0,72.0,64.0,52.0,62,48,78,70,78,70,67,57,66,78,69,2.0,Spain,2023.0,Medium/Medium
813,25,78,38000.0,173,72,83.0,69.0,75.0,78.0,42.0,68.0,75,34,78,81,67,77,50,63,40,75,44,1.0,Brazil,2024.0,Medium/Medium
2359,21,74,38000.0,190,79,58.0,35.0,60.0,62.0,75.0,73.0,42,71,73,59,42,62,73,75,76,56,55,1.0,Netherlands,2024.0,Medium/High
12438,30,63,2000.0,185,81,76.0,56.0,56.0,62.0,59.0,73.0,47,61,63,62,39,57,74,65,48,62,56,1.0,England,2022.0,High/Medium
4950,29,70,21000.0,183,85,67.0,68.0,54.0,65.0,38.0,84.0,53,78,63,65,55,73,85,92,28,57,62,2.0,England,2022.0,High/High
11865,29,64,950.0,186,84,65.0,38.0,53.0,52.0,62.0,78.0,60,62,56,53,31,56,88,66,59,48,33,1.0,Spain,2023.0,Medium/Medium
10711,21,65,3000.0,175,71,74.0,58.0,58.0,68.0,31.0,54.0,63,53,63,72,54,70,50,52,18,54,61,1.0,Argentina,2022.0,Medium/Medium
15858,21,60,1000.0,180,80,72.0,56.0,52.0,64.0,29.0,65.0,59,42,55,65,47,61,56,55,25,47,55,3.0,Germany,2023.0,Medium/Medium
1522,32,75,850.0,180,78,72.0,70.0,73.0,74.0,73.0,72.0,65,67,78,74,77,76,76,71,74,70,69,1.0,Brazil,2022.0,Medium/Medium
4666,31,70,7000.0,173,71,75.0,58.0,63.0,63.0,65.0,73.0,68,47,64,58,60,67,71,71,68,57,57,1.0,Belgium,2023.0,High/High
9486,20,66,1000.0,175,74,75.0,51.0,61.0,73.0,34.0,45.0,54,42,66,73,64,46,67,32,33,63,45,3.0,Netherlands,2022.0,Medium/Medium
7785,26,67,2000.0,175,62,78.0,47.0,59.0,70.0,61.0,59.0,65,43,61,69,61,50,54,51,60,54,45,1.0,Brazil,2023.0,Medium/Medium
7578,30,67,2000.0,187,84,52.0,54.0,67.0,65.0,66.0,71.0,61,67,71,64,64,59,65,70,70,65,51,2.0,Italy,2022.0,Medium/High
18510,17,53,500.0,181,68,69.0,42.0,53.0,59.0,44.0,52.0,56,36,55,58,42,48,58,45,42,52,48,1.0,England,2022.0,High/Medium
4280,23,71,10000.0,184,71,61.0,35.0,59.0,66.0,72.0,73.0,47,72,73,65,46,49,79,64,70,54,33,1.0,France,2023.0,Medium/Medium
187,26,83,170000.0,180,73,92.0,64.0,76.0,79.0,78.0,84.0,78,72,80,80,72,69,79,82,79,75,49,1.0,France,2025.0,High/High
18975,18,51,500.0,182,76,64.0,42.0,48.0,54.0,47.0,57.0,37,45,57,55,39,50,56,45,40,47,44,3.0,Germany,2023.0,Medium/Medium
17343,17,57,500.0,189,78,59.0,45.0,58.0,60.0,37.0,46.0,46,47,65,60,49,56,48,54,29,63,48,1.0,Netherlands,2023.0,Medium/Medium
995,29,77,30000.0,176,69,68.0,34.0,67.0,65.0,76.0,76.0,78,77,78,60,62,48,81,82,76,50,32,1.0,Spain,2023.0,High/Medium
11722,22,64,3000.0,188,83,52.0,52.0,59.0,63.0,61.0,71.0,43,53,67,63,40,63,53,67,62,63,46,1.0,Portugal,2022.0,Medium/Medium
15783,22,60,2000.0,181,72,62.0,60.0,56.0,63.0,31.0,46.0,61,47,59,66,47,63,47,28,25,48,63,1.0,Argentina,2024.0,Medium/Medium
17768,17,56,500.0,177,70,66.0,49.0,57.0,58.0,45.0,50.0,54,33,62,57,54,58,59,48,44,55,40,1.0,Belgium,2024.0,Medium/Medium
16452,20,59,1000.0,181,72,76.0,52.0,47.0,65.0,34.0,58.0,49,44,53,68,39,60,61,45,26,39,50,3.0,Germany,2023.0,High/Medium
9276,23,66,8000.0,185,71,80.0,46.0,56.0,63.0,60.0,68.0,62,54,57,64,54,53,66,55,58,52,44,2.0,England,2023.0,Medium/Medium
5074,25,70,9000.0,165,62,86.0,68.0,56.0,76.0,31.0,44.0,40,61,61,73,76,62,69,42,26,65,59,1.0,Brazil,2024.0,High/Low
14613,22,61,1000.0,177,73,77.0,38.0,54.0,61.0,54.0,56.0,61,38,58,60,46,41,80,62,58,55,37,2.0,Germany,2022.0,Medium/Medium
8854,28,66,3000.0,175,58,66.0,54.0,64.0,67.0,66.0,75.0,61,62,68,62,61,60,79,74,67,63,51,3.0,England,2022.0,Medium/High
10071,28,65,2000.0,183,75,63.0,54.0,57.0,65.0,62.0,75.0,42,57,65,64,47,59,74,69,58,65,56,2.0,France,2022.0,Medium/Medium
6431,34,68,12000.0,176,80,52.0,38.0,61.0,66.0,74.0,60.0,65,70,64,64,44,37,77,75,75,63,54,2.0,England,2022.0,Low/High
6352,19,69,9000.0,188,77,65.0,32.0,63.0,56.0,71.0,69.0,60,69,66,52,44,52,72,60,75,64,48,1.0,Germany,2025.0,Medium/Medium
6380,23,69,6000.0,178,75,83.0,37.0,53.0,71.0,64.0,67.0,65,54,55,74,39,52,65,59,58,47,36,1.0,Argentina,2023.0,High/Medium
4066,30,71,15000.0,183,83,80.0,70.0,65.0,73.0,32.0,66.0,68,50,67,74,75,75,56,55,28,56,67,1.0,Germany,2022.0,Medium/Low
5757,28,69,9000.0,182,83,46.0,58.0,62.0,62.0,67.0,71.0,51,62,69,60,45,63,61,67,69,69,47,1.0,France,2023.0,Medium/High
1825,21,75,9000.0,192,91,41.0,46.0,56.0,54.0,75.0,79.0,54,77,73,51,52,46,65,82,66,42,63,1.0,Brazil,2024.0,Medium/High
17422,18,57,2000.0,182,70,68.0,46.0,55.0,55.0,53.0,57.0,51,59,59,55,47,70,61,68,49,55,55,1.0,England,2022.0,Low/High
4641,35,70,4000.0,181,76,49.0,67.0,70.0,71.0,65.0,76.0,65,55,72,73,63,70,83,72,70,72,63,1.0,Brazil,2022.0,High/High
5576,30,69,5000.0,185,75,54.0,36.0,54.0,61.0,70.0,73.0,53,70,62,59,33,38,75,65,69,56,42,2.0,England,2023.0,Low/Medium
8116,23,67,5000.0,180,72,64.0,52.0,65.0,68.0,62.0,69.0,54,55,75,66,41,59,60,63,65,64,56,1.0,Argentina,2023.0,Medium/Medium
7154,25,68,3000.0,177,73,77.0,69.0,60.0,70.0,34.0,64.0,55,51,68,72,55,72,65,65,27,55,67,1.0,Portugal,2023.0,High/Medium
13922,20,62,6000.0,178,68,60.0,55.0,59.0,63.0,51.0,52.0,52,53,65,62,41,65,55,61,45,57,60,1.0,Italy,2023.0,High/Medium
6106,23,69,9000.0,182,65,70.0,47.0,60.0,60.0,66.0,70.0,70,64,61,56,59,68,69,70,66,54,37,1.0,Belgium,2022.0,Medium/Medium
5879,26,69,2000.0,181,80,64.0,36.0,49.0,54.0,70.0,73.0,26,70,66,48,25,48,68,66,66,38,44,1.0,Brazil,2024.0,Low/Medium
6189,23,69,7000.0,173,63,76.0,58.0,70.0,75.0,55.0,57.0,65,47,73,75,71,65,59,59,61,69,52,1.0,Argentina,2021.0,Medium/Medium
8975,25,66,10000.0,175,70,67.0,63.0,68.0,68.0,37.0,46.0,71,45,67,66,74,64,58,36,25,69,56,2.0,England,2022.0,Medium/Medium
8662,20,67,3000.0,184,79,86.0,61.0,61.0,69.0,37.0,65.0,63,38,62,68,69,73,44,58,38,60,59,1.0,Portugal,2022.0,High/Medium
16060,19,59,3000.0,178,70,64.0,51.0,57.0,59.0,51.0,55.0,47,39,62,58,48,53,61,48,53,60,47,3.0,England,2022.0,High/Medium
3058,21,73,25000.0,173,67,75.0,46.0,67.0,76.0,68.0,62.0,71,41,75,75,63,51,64,75,75,59,38,1.0,Spain,2024.0,High/Medium
13765,27,62,3000.0,170,65,66.0,52.0,61.0,63.0,42.0,45.0,61,40,65,62,64,60,51,48,54,58,41,1.0,Portugal,2022.0,Medium/Medium
1209,32,76,31000.0,181,78,66.0,61.0,73.0,72.0,76.0,74.0,78,71,74,72,75,72,77,76,75,70,49,1.0,England,2023.0,High/High
18126,23,55,2000.0,188,82,60.0,25.0,28.0,31.0,55.0,68.0,26,65,33,24,23,38,67,49,45,29,35,1.0,England,2023.0,Medium/Medium
637,25,79,120000.0,176,66,84.0,55.0,71.0,75.0,74.0,65.0,81,73,76,76,71,61,71,62,73,63,62,1.0,Spain,2022.0,High/High
16624,20,58,1000.0,180,70,78.0,24.0,43.0,53.0,51.0,55.0,53,40,49,50,28,20,75,49,52,35,32,3.0,England,2022.0,High/Medium
9588,26,66,6000.0,171,69,90.0,38.0,52.0,64.0,55.0,56.0,64,39,58,62,49,47,60,55,59,39,35,2.0,Germany,2025.0,High/Medium
3894,32,71,6000.0,187,79,41.0,68.0,64.0,64.0,73.0,76.0,47,75,73,64,31,79,76,73,72,73,51,2.0,Spain,2022.0,Medium/High
13795,21,62,3000.0,176,68,73.0,50.0,56.0,66.0,27.0,48.0,55,40,61,66,44,57,56,40,24,60,47,2.0,Germany,2022.0,Medium/Medium
10521,24,65,2000.0,175,70,80.0,51.0,55.0,67.0,55.0,71.0,60,44,54,65,46,60,76,73,53,58,35,2.0,Germany,2023.0,High/High
7420,23,68,5000.0,183,79,67.0,42.0,56.0,61.0,66.0,77.0,42,52,65,61,48,45,74,76,70,58,41,1.0,Portugal,2024.0,Medium/Medium
14324,17,62,600.0,179,71,73.0,56.0,55.0,66.0,28.0,46.0,58,34,59,68,56,59,51,39,20,52,51,1.0,Spain,2023.0,Medium/Medium
3427,25,72,10000.0,175,71,64.0,75.0,65.0,76.0,30.0,62.0,65,62,68,77,80,84,67,62,33,56,69,1.0,Spain,2022.0,High/Medium
9501,21,66,7000.0,190,80,76.0,68.0,55.0,62.0,26.0,67.0,50,61,59,62,74,75,70,57,17,52,67,1.0,Netherlands,2025.0,High/Medium
2308,24,74,17000.0,175,67,74.0,71.0,72.0,74.0,69.0,68.0,73,66,72,76,69,75,76,70,70,72,48,1.0,Belgium,2024.0,High/High
4006,27,71,8000.0,175,67,69.0,45.0,62.0,63.0,67.0,74.0,73,69,68,61,59,61,75,72,69,48,55,2.0,Spain,2022.0,High/Medium
11837,21,64,2000.0,172,69,82.0,33.0,50.0,60.0,58.0,63.0,55,44,57,62,47,34,68,66,60,39,38,1.0,Argentina,2022.0,High/Medium
5360,20,70,6000.0,169,65,88.0,61.0,67.0,74.0,58.0,69.0,73,39,67,74,76,71,73,76,59,60,60,1.0,Argentina,2023.0,High/Medium
14852,23,61,2000.0,180,70,71.0,51.0,59.0,62.0,32.0,48.0,63,41,62,64,47,58,49,33,28,55,52,1.0,Argentina,2021.0,Medium/Medium
6469,36,68,2000.0,185,88,46.0,71.0,53.0,54.0,36.0,78.0,38,72,63,44,56,76,56,81,39,58,67,3.0,Germany,2022.0,Medium/High
4972,28,70,8000.0,193,97,42.0,38.0,43.0,48.0,70.0,81.0,29,70,56,37,31,35,71,70,67,38,32,1.0,Argentina,2022.0,Medium/Medium
15897,19,60,500.0,174,71,69.0,33.0,42.0,55.0,58.0,60.0,53,46,43,59,39,31,55,65,55,36,40,1.0,Portugal,2024.0,Medium/High
14290,32,62,1000.0,188,82,41.0,47.0,51.0,53.0,61.0,70.0,49,63,59,54,55,58,75,61,61,34,47,2.0,France,2022.0,Medium/Medium
12309,36,63,2000.0,193,80,34.0,26.0,39.0,38.0,61.0,84.0,28,60,41,31,31,31,84,78,58,49,27,4.0,England,2022.0,Low/High
9110,27,66,3000.0,172,75,83.0,61.0,64.0,68.0,45.0,57.0,66,60,65,66,62,65,62,65,49,62,70,2.0,France,2022.0,High/Medium
13311,23,63,2000.0,181,71,61.0,40.0,52.0,62.0,64.0,59.0,50,53,58,63,39,40,63,56,59,48,46,1.0,Netherlands,2024.0,Medium/Medium
16296,18,59,700.0,174,67,65.0,61.0,46.0,61.0,19.0,45.0,35,46,57,61,50,63,52,29,17,51,65,2.0,France,2022.0,Medium/Medium
12066,29,64,3000.0,175,69,75.0,57.0,60.0,63.0,53.0,61.0,62,42,60,62,55,62,66,48,56,61,52,4.0,England,2023.0,High/Medium
11923,21,64,2000.0,176,76,72.0,51.0,60.0,65.0,59.0,74.0,52,58,66,65,48,65,71,71,64,60,52,1.0,Netherlands,2022.0,High/High
3724,28,72,12000.0,181,82,76.0,72.0,49.0,66.0,37.0,77.0,38,78,58,65,43,76,85,71,36,48,67,1.0,Argentina,2021.0,High/Medium
10011,26,65,3000.0,180,70,75.0,25.0,48.0,58.0,65.0,71.0,43,65,55,54,49,47,90,61,62,43,26,3.0,England,2022.0,Low/High
1446,21,76,84000.0,183,77,79.0,71.0,70.0,81.0,37.0,69.0,68,66,70,83,84,73,63,53,32,75,67,1.0,Portugal,2022.0,Medium/Medium
133,24,84,120000.0,172,68,78.0,71.0,79.0,86.0,75.0,78.0,69,53,86,83,75,69,78,79,84,83,73,1.0,Italy,2024.0,High/High
3339,28,72,8000.0,188,73,52.0,57.0,63.0,60.0,70.0,77.0,62,72,67,57,67,70,80,79,68,55,58,1.0,Netherlands,2023.0,Medium/Medium
14364,18,62,7000.0,167,71,75.0,55.0,55.0,65.0,28.0,47.0,61,37,56,67,52,59,48,38,23,55,60,1.0,England,2023.0,Medium/Medium
6265,24,69,10000.0,184,78,61.0,55.0,68.0,65.0,66.0,62.0,69,58,74,63,51,65,58,61,66,67,49,1.0,Spain,2022.0,Medium/Medium
15358,22,60,3000.0,178,70,73.0,53.0,55.0,60.0,41.0,50.0,51,41,61,58,32,58,55,45,40,56,40,4.0,England,2022.0,Medium/Medium
6204,24,69,6000.0,187,79,68.0,70.0,51.0,62.0,35.0,66.0,39,72,59,58,40,72,72,46,35,56,55,1.0,Argentina,2022.0,High/Low
4482,22,71,13000.0,173,63,79.0,63.0,69.0,71.0,44.0,61.0,64,49,72,70,59,65,51,56,32,71,53,1.0,Spain,2025.0,Medium/Medium
15929,16,60,500.0,175,71,65.0,56.0,56.0,59.0,56.0,50.0,42,41,62,57,56,60,56,69,62,57,34,2.0,Spain,2023.0,Medium/Medium
11924,21,64,5000.0,183,74,71.0,45.0,59.0,59.0,60.0,60.0,60,56,64,61,48,62,55,63,58,58,51,2.0,Italy,2025.0,Medium/Medium
7663,31,67,4000.0,178,72,69.0,46.0,64.0,70.0,62.0,62.0,68,60,67,68,60,66,70,69,67,59,60,1.0,Germany,2022.0,Medium/Medium
8683,33,66,4000.0,178,74,64.0,67.0,54.0,65.0,46.0,77.0,49,70,58,62,49,68,91,92,36,56,69,3.0,England,2023.0,High/Medium
8861,27,66,4000.0,185,70,67.0,59.0,64.0,65.0,62.0,79.0,59,48,66,62,58,61,74,84,61,66,46,3.0,England,2022.0,High/High
17530,19,56,4000.0,187,76,60.0,33.0,49.0,50.0,55.0,67.0,37,55,55,49,50,48,73,58,55,48,33,1.0,France,2024.0,Medium/Medium
15625,17,60,500.0,188,81,85.0,25.0,39.0,48.0,59.0,67.0,44,62,45,44,23,33,72,56,59,34,25,1.0,Germany,2023.0,Medium/Medium
6866,27,68,5000.0,186,84,70.0,44.0,50.0,60.0,69.0,73.0,54,68,59,59,24,54,77,72,70,42,43,1.0,France,2023.0,Medium/High
13801,20,62,1000.0,166,64,78.0,55.0,58.0,62.0,43.0,58.0,54,58,62,63,58,60,79,55,46,55,42,1.0,Argentina,2021.0,Medium/Medium
12471,33,63,2000.0,176,70,64.0,41.0,58.0,61.0,62.0,70.0,59,56,64,60,54,56,71,70,61,55,56,1.0,Brazil,2022.0,Low/Medium
13327,19,63,3000.0,196,84,50.0,35.0,49.0,49.0,63.0,68.0,44,66,62,47,35,48,53,58,63,37,42,1.0,Germany,2023.0,Medium/Medium
16903,21,58,900.0,191,79,61.0,28.0,37.0,45.0,57.0,67.0,22,56,50,41,24,52,69,54,51,31,50,1.0,France,2025.0,Medium/Medium
17503,21,56,1000.0,180,70,72.0,38.0,48.0,55.0,52.0,52.0,43,51,53,53,35,48,60,57,53,50,46,4.0,England,2022.0,Medium/Medium
15823,22,60,600.0,167,63,64.0,50.0,57.0,62.0,53.0,62.0,51,51,64,63,31,51,58,56,50,58,37,1.0,Argentina,2024.0,Medium/Medium
1941,23,75,18000.0,191,84,68.0,32.0,53.0,55.0,78.0,74.0,37,74,69,48,30,50,68,66,75,48,52,1.0,Germany,2022.0,Medium/Medium
14661,21,61,4000.0,173,65,66.0,53.0,61.0,60.0,56.0,64.0,57,51,66,59,46,63,53,71,58,60,47,2.0,England,2022.0,Medium/Medium
4332,27,71,11000.0,169,72,86.0,60.0,67.0,74.0,54.0,63.0,68,56,70,74,59,64,86,83,62,68,53,1.0,Argentina,2022.0,High/High
12315,30,63,3000.0,178,77,81.0,58.0,56.0,64.0,38.0,66.0,64,59,55,63,50,61,56,48,35,58,57,4.0,England,2022.0,High/High
2043,33,74,6000.0,192,86,38.0,60.0,69.0,57.0,71.0,87.0,56,76,74,58,65,74,68,70,72,71,68,1.0,Spain,2021.0,Medium/High
4290,29,71,13000.0,182,71,82.0,67.0,62.0,72.0,25.0,64.0,72,61,62,75,68,62,74,53,34,53,55,1.0,Brazil,2024.0,High/Low
9800,16,66,4000.0,173,68,66.0,53.0,67.0,69.0,50.0,48.0,59,38,73,67,65,49,48,54,58,70,51,1.0,Spain,2023.0,Medium/Medium
10135,25,65,3000.0,180,68,71.0,38.0,56.0,63.0,60.0,69.0,61,52,59,62,46,49,80,58,59,56,38,3.0,England,2023.0,High/Medium
17410,19,57,4000.0,178,64,69.0,33.0,46.0,51.0,52.0,52.0,55,49,48,52,37,36,64,50,51,40,40,1.0,England,2022.0,Medium/Medium
7618,29,67,6000.0,185,88,67.0,39.0,54.0,54.0,65.0,72.0,55,68,59,48,29,58,82,70,61,53,31,2.0,Germany,2023.0,Medium/Medium
12111,18,64,2000.0,186,67,73.0,50.0,56.0,65.0,60.0,64.0,64,53,60,67,56,60,61,60,62,48,46,1.0,Italy,2022.0,High/Medium
11260,28,64,2000.0,183,70,54.0,45.0,56.0,60.0,61.0,74.0,47,59,64,58,41,52,81,68,59,58,45,1.0,England,2022.0,Medium/High
15137,17,61,500.0,183,76,55.0,66.0,44.0,56.0,26.0,53.0,40,67,47,54,43,70,63,37,25,48,72,1.0,Portugal,2023.0,Medium/Medium
6235,21,69,3000.0,176,71,82.0,62.0,61.0,71.0,49.0,56.0,59,52,61,71,51,68,46,46,46,68,69,1.0,Argentina,2022.0,Medium/High
15144,19,61,1000.0,183,72,61.0,28.0,50.0,54.0,62.0,63.0,35,60,63,50,35,40,66,60,61,52,30,1.0,Spain,2022.0,Medium/High
16911,19,58,500.0,175,68,80.0,53.0,49.0,61.0,23.0,45.0,46,38,56,60,38,63,52,32,16,52,47,3.0,Germany,2023.0,High/Medium
12956,20,63,1000.0,183,69,69.0,31.0,46.0,57.0,61.0,64.0,53,59,55,59,34,26,67,54,61,39,43,2.0,France,2022.0,Medium/Medium
14354,22,62,1000.0,180,70,63.0,62.0,59.0,63.0,42.0,45.0,54,44,65,61,53,61,52,44,30,58,57,2.0,Spain,2022.0,Medium/Medium
681,35,78,22000.0,180,79,46.0,70.0,83.0,76.0,66.0,71.0,82,67,84,73,83,80,68,71,71,80,73,1.0,Portugal,2022.0,Medium/Low
7410,19,68,6000.0,195,76,71.0,53.0,61.0,66.0,66.0,74.0,45,62,69,69,52,59,68,70,65,62,40,1.0,Belgium,2026.0,Medium/High
3070,18,73,4000.0,167,63,79.0,66.0,66.0,80.0,52.0,54.0,64,57,70,79,75,70,64,67,49,69,49,1.0,Argentina,2023.0,High/Medium
6901,26,68,3000.0,189,78,73.0,45.0,50.0,56.0,66.0,76.0,43,66,59,50,41,64,89,83,66,39,47,1.0,Brazil,2023.0,Low/Medium
3071,20,73,23000.0,171,66,71.0,44.0,62.0,68.0,71.0,62.0,68,62,70,66,52,50,62,65,72,57,38,1.0,Spain,2022.0,Medium/Medium
6911,22,68,5000.0,168,61,79.0,61.0,66.0,73.0,62.0,61.0,59,55,74,70,62,62,83,58,65,65,56,1.0,Portugal,2024.0,Medium/Medium
11679,23,64,1000.0,179,68,72.0,52.0,64.0,66.0,62.0,58.0,51,40,72,64,58,47,52,30,61,59,51,2.0,France,2024.0,Medium/Medium
16611,21,58,1000.0,183,70,51.0,33.0,36.0,37.0,58.0,60.0,29,56,42,32,30,50,73,57,57,35,46,3.0,England,2022.0,Medium/Medium
11343,27,64,3000.0,191,80,40.0,43.0,48.0,47.0,63.0,72.0,33,64,60,36,37,52,70,71,63,47,41,1.0,Spain,2023.0,Low/Medium
5361,32,70,5000.0,185,89,50.0,26.0,45.0,47.0,70.0,80.0,28,67,68,27,22,30,74,70,71,25,39,1.0,Argentina,2023.0,Low/High
7224,21,68,14000.0,183,71,62.0,72.0,50.0,68.0,31.0,49.0,37,68,64,68,46,72,62,52,26,49,63,2.0,Spain,2022.0,Medium/Medium
15323,25,60,2000.0,183,75,71.0,53.0,59.0,58.0,54.0,65.0,56,42,61,55,66,62,63,50,56,59,44,4.0,England,2022.0,Medium/Medium
426,28,80,86000.0,174,71,71.0,75.0,80.0,84.0,69.0,68.0,74,55,85,86,80,80,75,70,70,83,67,1.0,Brazil,2023.0,High/Medium
9786,25,66,2000.0,188,76,60.0,47.0,60.0,57.0,67.0,64.0,52,70,70,55,42,59,70,66,67,55,49,2.0,Spain,2023.0,Low/High
16162,21,59,1000.0,173,65,69.0,28.0,49.0,57.0,54.0,51.0,53,47,58,56,32,29,62,50,52,31,34,1.0,Belgium,2022.0,Medium/Medium
1097,24,77,14000.0,175,66,85.0,67.0,68.0,80.0,29.0,46.0,78,40,73,81,60,52,52,30,24,61,64,1.0,Brazil,2026.0,High/Low
12756,24,63,12000.0,187,80,54.0,33.0,44.0,46.0,63.0,71.0,38,65,54,42,35,42,71,68,61,38,45,3.0,England,2022.0,Medium/High
1390,24,76,27000.0,183,73,80.0,70.0,74.0,81.0,39.0,65.0,77,52,76,82,80,79,59,44,40,73,71,1.0,Italy,2024.0,High/Medium
14867,19,61,1000.0,184,70,65.0,52.0,58.0,61.0,57.0,67.0,49,52,63,59,54,58,54,65,57,59,42,4.0,England,2023.0,High/Medium
8319,24,67,4000.0,188,83,51.0,33.0,50.0,48.0,68.0,69.0,41,69,61,36,35,46,71,60,65,48,45,1.0,Argentina,2021.0,Medium/Medium
12677,23,63,3000.0,178,75,68.0,57.0,61.0,63.0,58.0,66.0,52,47,65,61,58,58,54,55,60,63,49,4.0,England,2022.0,Medium/Medium
9862,32,65,6000.0,175,75,53.0,59.0,64.0,61.0,63.0,64.0,65,45,64,60,65,68,61,68,65,61,66,2.0,England,2022.0,Low/High
13349,19,63,3000.0,185,78,67.0,63.0,46.0,64.0,19.0,63.0,31,60,58,65,40,58,64,40,14,45,60,1.0,Spain,2022.0,High/Medium
11946,20,64,5000.0,181,69,82.0,61.0,56.0,64.0,32.0,67.0,56,60,63,64,58,70,74,54,22,54,53,2.0,England,2022.0,High/Medium
11391,27,64,650.0,173,68,69.0,38.0,50.0,60.0,59.0,68.0,51,50,59,54,31,41,90,57,60,39,39,3.0,Germany,2022.0,Medium/High
14160,25,62,700.0,190,82,69.0,60.0,45.0,60.0,27.0,73.0,34,65,53,60,39,61,77,72,22,51,58,3.0,Germany,2022.0,Medium/Medium
3604,23,72,17000.0,185,81,76.0,52.0,64.0,70.0,67.0,74.0,72,68,69,72,50,67,57,72,64,56,45,1.0,Italy,2022.0,Medium/Medium
10715,22,65,7000.0,190,88,76.0,61.0,49.0,68.0,29.0,78.0,34,60,57,70,58,69,76,70,24,61,52,1.0,Brazil,2023.0,Medium/Medium
16623,20,58,2000.0,175,65,70.0,49.0,53.0,66.0,34.0,42.0,45,30,58,64,52,46,74,46,28,52,41,1.0,Belgium,2022.0,Medium/Medium
10755,24,65,2000.0,170,63,78.0,63.0,61.0,65.0,25.0,62.0,60,31,58,63,74,67,46,42,34,66,64,2.0,Spain,2022.0,Medium/Low
8277,21,67,6000.0,189,82,59.0,25.0,53.0,53.0,66.0,72.0,53,67,60,50,46,35,74,65,65,46,37,2.0,England,2022.0,High/Medium
11657,23,64,550.0,187,78,68.0,41.0,45.0,53.0,63.0,70.0,48,63,58,48,25,58,81,64,58,31,40,3.0,Germany,2022.0,Medium/Medium
7008,22,68,3000.0,168,66,73.0,44.0,63.0,68.0,64.0,68.0,66,53,66,67,67,56,76,68,63,67,54,1.0,Argentina,2022.0,Medium/Medium
16864,20,58,800.0,184,78,63.0,34.0,51.0,55.0,55.0,64.0,32,54,63,55,32,45,67,61,52,56,45,2.0,France,2023.0,Medium/Medium
10978,21,65,6000.0,182,74,65.0,69.0,52.0,60.0,35.0,54.0,50,66,62,64,46,68,68,33,32,49,61,1.0,Spain,2022.0,High/Low
14250,20,62,3000.0,172,68,67.0,58.0,59.0,63.0,30.0,50.0,64,40,63,65,53,65,59,46,28,58,50,1.0,Spain,2023.0,Medium/Medium
1596,29,75,27000.0,185,72,73.0,77.0,72.0,76.0,40.0,68.0,69,67,72,76,80,83,71,61,39,73,67,1.0,Germany,2023.0,Medium/Low
15120,21,61,2000.0,177,70,63.0,50.0,58.0,62.0,56.0,59.0,55,60,67,63,45,66,57,64,50,51,54,1.0,Argentina,2023.0,Medium/Medium
5262,22,70,11000.0,184,83,68.0,38.0,59.0,63.0,70.0,76.0,59,74,66,65,49,47,70,70,67,55,37,1.0,France,2025.0,Medium/Medium
16447,19,59,1000.0,180,70,61.0,43.0,58.0,61.0,55.0,61.0,50,48,66,60,52,60,59,61,56,52,51,1.0,Argentina,2024.0,Medium/Medium
13268,23,63,500.0,170,67,67.0,62.0,57.0,69.0,27.0,39.0,57,43,59,75,73,55,49,26,32,54,56,1.0,Brazil,2021.0,Medium/Low
17550,20,56,2000.0,185,73,80.0,54.0,46.0,57.0,20.0,54.0,48,48,48,55,44,52,68,31,13,51,58,3.0,England,2022.0,Medium/Medium
